target_id	length	eff_length	est_counts	tpm
TRINITY_DN1115_c0_g1_i1	260	116.877	12	219.946
TRINITY_DN1174_c0_g1_i1	209	69.903	2	61.2911
TRINITY_DN1107_c0_g1_i1	246	103.175	4	83.0514
TRINITY_DN1166_c0_g1_i1	379	235.828	6	54.5028
TRINITY_DN1150_c0_g1_i1	429	285.828	10	74.9477
TRINITY_DN1196_c0_g1_i1	280	136.828	6	93.9377
TRINITY_DN1131_c0_g1_i1	618	474.797	21	94.7489
TRINITY_DN1128_c0_g1_i1	226	84.4617	3	76.0894
TRINITY_DN1142_c0_g1_i1	665	521.797	11	45.16
TRINITY_DN1123_c0_g1_i1	231	89.0337	3	72.1821
TRINITY_DN1184_c0_g1_i1	441	297.828	7	50.3496
TRINITY_DN1149_c0_g1_i1	247	104.144	4	82.2787
TRINITY_DN1125_c0_g1_i1	457	313.797	61	416.432
TRINITY_DN1182_c0_g1_i1	420	276.828	14	108.338
TRINITY_DN1189_c0_g1_i1	259	115.877	4	73.9481
TRINITY_DN1190_c0_g1_i1	367	223.828	4	38.2832
TRINITY_DN1137_c0_g1_i1	527	383.797	7	39.0715
TRINITY_DN1156_c0_g1_i1	318	174.828	7	85.773
TRINITY_DN1160_c0_g1_i1	349	205.828	25	260.195
TRINITY_DN1101_c0_g1_i1	270	126.828	3	50.6722
TRINITY_DN1172_c0_g1_i1	423	279.828	5	38.2774
TRINITY_DN1118_c0_g1_i1	231	89.0337	4	96.2428
TRINITY_DN1179_c0_g1_i1	233	90.8706	3	70.723
TRINITY_DN1113_c0_g1_i1	526	382.797	14	78.3471
TRINITY_DN1114_c0_g1_i1	264	120.853	8	141.807
TRINITY_DN1175_c0_g1_i1	497	353.797	9	54.4944
TRINITY_DN1106_c0_g1_i1	235	92.7045	6	138.648
TRINITY_DN1167_c0_g1_i1	795	651.797	34	111.745
TRINITY_DN1151_c0_g1_i1	250	106.965	5	100.136
TRINITY_DN1130_c0_g1_i1	339	195.828	4	43.7571
TRINITY_DN1197_c0_g1_i1	244	101.226	4	84.6503
TRINITY_DN1143_c0_g1_i1	336	192.828	6	66.6568
TRINITY_DN1129_c0_g1_i1	312	168.828	4	50.755
TRINITY_DN1185_c0_g1_i1	217	76.4683	3	84.0432
TRINITY_DN1148_c0_g1_i1	249	106.039	7	141.415
TRINITY_DN1122_c0_g1_i1	398	254.828	6	50.4391
TRINITY_DN1183_c0_g1_i1	236	93.6952	4	91.4546
TRINITY_DN1124_c0_g1_i1	322	178.828	9	107.813
TRINITY_DN1145_c0_g1_i1	256	112.911	3	56.918
TRINITY_DN1188_c0_g1_i1	335	191.828	4	44.6695
TRINITY_DN1191_c0_g1_i1	235	92.7045	4	92.4319
TRINITY_DN1157_c0_g1_i1	217	76.4683	5	140.072
TRINITY_DN1161_c0_g1_i1	302	158.828	11	148.364
TRINITY_DN1100_c0_g1_i1	248	105.102	6	122.293
TRINITY_DN1119_c0_g1_i1	229	87.1671	4	98.3038
TRINITY_DN1173_c0_g1_i1	210	70.6833	4	121.229
TRINITY_DN1112_c0_g1_i1	216	75.5695	3	85.0427
TRINITY_DN1178_c0_g1_i1	232	89.9707	5	119.051
TRINITY_DN1176_c0_g1_i1	277	133.828	4	64.029
TRINITY_DN1117_c0_g1_i1	327	183.828	7	81.5736
TRINITY_DN1164_c0_g1_i1	527	383.797	12	66.9796
TRINITY_DN1105_c0_g1_i1	211	71.5133	5	149.777
TRINITY_DN1159_c0_g1_i1	343	199.828	5	53.6015
TRINITY_DN1194_c0_g1_i1	264	120.853	4	70.9034
TRINITY_DN1133_c0_g1_i1	239	96.5136	5	110.98
TRINITY_DN1152_c0_g1_i1	262	118.877	3	54.0615
TRINITY_DN1138_c0_g1_i1	460	316.797	7	47.3348
TRINITY_DN1121_c0_g1_i1	319	175.828	5	60.918
TRINITY_DN1186_c0_g1_i1	230	88.1229	4	97.2375
TRINITY_DN1140_c0_g1_i1	275	131.828	3	48.7503
TRINITY_DN1146_c0_g1_i1	210	70.6833	7	212.151
TRINITY_DN1127_c0_g1_i1	316	172.828	5	61.9754
TRINITY_DN1180_c0_g1_i1	228	86.2546	3	74.5078
TRINITY_DN1199_c0_g1_i1	289	145.828	5	73.4501
TRINITY_DN1154_c0_g1_i1	283	139.828	28	428.97
TRINITY_DN1192_c0_g1_i1	219	78.239	4	109.522
TRINITY_DN1135_c0_g1_i1	326	182.828	6	70.3027
TRINITY_DN1103_c0_g1_i1	266	122.84	4	69.756
TRINITY_DN1169_c0_g1_i1	260	116.877	3	54.9866
TRINITY_DN1108_c0_g1_i1	205	66.7258	3	96.3142
TRINITY_DN1162_c0_g1_i1	201	63.325	4	135.316
TRINITY_DN1111_c0_g1_i1	314	170.828	17	213.183
TRINITY_DN1170_c0_g1_i1	441	297.828	315.554	2269.72
TRINITY_DN1177_c0_g1_i1	230	88.1229	3	72.9281
TRINITY_DN1116_c0_g1_i1	256	112.911	4	75.8907
TRINITY_DN1165_c0_g1_i1	459	315.797	8	54.2682
TRINITY_DN1104_c0_g1_i1	257	113.888	4	75.2394
TRINITY_DN1132_c0_g1_i1	301	157.828	3	40.7193
TRINITY_DN1158_c0_g1_i1	245	102.216	4	83.8306
TRINITY_DN1195_c0_g1_i1	242	99.3467	2	43.126
TRINITY_DN1139_c0_g1_i1	236	93.6952	8	182.909
TRINITY_DN1153_c0_g1_i1	227	85.3759	3	75.2747
TRINITY_DN1187_c0_g1_i1	230	88.1229	5	121.547
TRINITY_DN1120_c0_g1_i1	302	158.828	3	40.463
TRINITY_DN1141_c0_g1_i1	226	84.4617	2	50.7263
TRINITY_DN1147_c0_g1_i1	205	66.7258	2	64.2094
TRINITY_DN1181_c0_g1_i1	452	308.828	6	41.6196
TRINITY_DN1126_c0_g1_i1	443	299.828	7	50.0137
TRINITY_DN1198_c0_g1_i1	237	94.6385	5	113.179
TRINITY_DN1155_c0_g1_i1	259	115.877	4	73.9481
TRINITY_DN1134_c0_g1_i1	372	228.828	14	131.064
TRINITY_DN1193_c0_g1_i1	304	160.828	5	66.5996
TRINITY_DN1168_c0_g1_i1	687	543.797	10	39.3937
TRINITY_DN1102_c0_g1_i1	353	209.828	4	40.8376
TRINITY_DN1163_c0_g1_i1	319	175.828	5	60.918
TRINITY_DN1109_c0_g1_i1	201	63.325	2	67.6578
TRINITY_DN1110_c0_g1_i1	268	124.84	4	68.6385
TRINITY_DN1171_c0_g1_i1	254	110.922	3	57.9385
TRINITY_DN1037_c0_g1_i1	342	198.828	4	43.0969
TRINITY_DN1090_c0_g1_i1	333	189.828	22	248.271
TRINITY_DN1056_c0_g1_i1	287	143.828	3	44.6829
TRINITY_DN1082_c0_g1_i1	214	73.8301	2	58.0309
TRINITY_DN1025_c0_g1_i1	273	129.828	5	82.5021
TRINITY_DN1044_c0_g1_i1	207	68.2714	4	125.512
TRINITY_DN1089_c0_g1_i1	228	86.2546	3	74.5078
TRINITY_DN1018_c0_g1_i1	339	195.828	5	54.6964
TRINITY_DN1072_c0_g1_i1	214	73.8301	4	116.062
TRINITY_DN1013_c0_g1_i1	405	261.828	4	32.7271
TRINITY_DN1079_c0_g1_i1	224	82.7327	2	51.7864
TRINITY_DN1060_c0_g1_i1	249	106.039	3	60.6062
TRINITY_DN1001_c0_g1_i1	208	69.07	2	62.0303
TRINITY_DN1007_c0_g1_i1	269	125.84	7	119.163
TRINITY_DN1066_c0_g1_i1	245	102.216	3	62.873
TRINITY_DN1015_c0_g1_i1	206	67.4853	2	63.4868
TRINITY_DN1074_c0_g1_i1	275	131.828	5	81.2505
TRINITY_DN1042_c0_g1_i1	202	64.1284	3	100.215
TRINITY_DN1028_c0_g1_i1	316	172.828	3	37.1852
TRINITY_DN1084_c0_g1_i1	226	84.4617	2	50.7263
TRINITY_DN1049_c0_g1_i1	245	102.216	6	125.746
TRINITY_DN1023_c0_g1_i1	313	169.828	4	50.4561
TRINITY_DN1050_c0_g1_i1	214	73.8301	2	58.0309
TRINITY_DN1031_c0_g1_i1	220	79.1026	3	81.2444
TRINITY_DN1096_c0_g1_i1	538	394.797	11	59.6873
TRINITY_DN1091_c0_g1_i1	276	132.828	4	64.511
TRINITY_DN1036_c0_g1_i1	242	99.3467	7	150.941
TRINITY_DN1057_c0_g1_i1	218	77.3582	3	83.0764
TRINITY_DN1024_c0_g1_i1	348	204.828	4	41.8344
TRINITY_DN1083_c0_g1_i1	204	65.873	3	97.5611
TRINITY_DN1045_c0_g1_i1	261	117.877	5	90.8668
TRINITY_DN1088_c0_g1_i1	363	219.828	10	97.4496
TRINITY_DN1073_c0_g1_i1	204	65.873	2	65.0407
TRINITY_DN1019_c0_g1_i1	292	148.828	4	57.5756
TRINITY_DN1078_c0_g1_i1	226	84.4617	4	101.453
TRINITY_DN1012_c0_g1_i1	211	71.5133	3	89.8663
TRINITY_DN1061_c0_g1_i1	225	83.5978	2	51.2505
TRINITY_DN1000_c0_g1_i1	212	72.2824	2	59.2735
TRINITY_DN1006_c0_g1_i1	257	113.888	3	56.4295
TRINITY_DN1067_c0_g1_i1	292	148.828	3	43.1817
TRINITY_DN1014_c0_g1_i1	291	147.828	3	43.4738
TRINITY_DN1075_c0_g1_i1	281	137.828	9	139.884
TRINITY_DN1029_c0_g1_i1	201	63.325	3	101.487
TRINITY_DN1043_c0_g1_i1	201	63.325	4	135.316
TRINITY_DN1022_c0_g1_i1	307	163.828	6	78.4561
TRINITY_DN1085_c0_g1_i1	484	340.797	9	56.5731
TRINITY_DN1048_c0_g1_i1	207	68.2714	2	62.7558
TRINITY_DN1051_c0_g1_i1	214	73.8301	3	87.0464
TRINITY_DN1097_c0_g1_i1	420	276.828	7	54.169
TRINITY_DN1030_c0_g1_i1	245	102.216	3	62.873
TRINITY_DN1099_c0_g1_i1	363	219.828	4	38.9799
TRINITY_DN1054_c0_g1_i1	227	85.3759	5	125.458
TRINITY_DN1035_c0_g1_i1	299	155.828	4	54.9893
TRINITY_DN1092_c0_g1_i1	461	317.797	7	47.1858
TRINITY_DN1046_c0_g1_i1	247	104.144	3	61.709
TRINITY_DN1080_c0_g1_i1	523	379.797	7	39.483
TRINITY_DN1027_c0_g1_i1	250	106.965	6	120.163
TRINITY_DN1011_c0_g1_i1	290	146.828	4	58.3599
TRINITY_DN1070_c0_g1_i1	322	178.828	6	71.8752
TRINITY_DN1069_c0_g1_i1	219	78.239	3	82.1412
TRINITY_DN1003_c0_g1_i1	376	232.828	6	55.2051
TRINITY_DN1062_c0_g1_i1	208	69.07	3	93.0454
TRINITY_DN1008_c0_g1_i1	287	143.828	3	44.6829
TRINITY_DN1005_c0_g1_i1	237	94.6385	997.079	22569.6
TRINITY_DN1076_c0_g1_i1	307	163.828	4	52.304
TRINITY_DN1017_c0_g1_i1	319	175.828	3	36.5508
TRINITY_DN1086_c0_g1_i1	202	64.1284	3	100.215
TRINITY_DN1021_c0_g1_i1	216	75.5695	2	56.6952
TRINITY_DN1040_c0_g1_i1	250	106.965	3	60.0817
TRINITY_DN1033_c0_g1_i1	211	71.5133	3	89.8663
TRINITY_DN1094_c0_g1_i1	218	77.3582	6	166.153
TRINITY_DN1038_c0_g1_i1	247	104.144	4	82.2787
TRINITY_DN1052_c0_g1_i1	253	109.922	3	58.4656
TRINITY_DN1098_c0_g1_i1	230	88.1229	4	97.2375
TRINITY_DN1055_c0_g1_i1	275	131.828	3	48.7503
TRINITY_DN1093_c0_g1_i1	207	68.2714	2	62.7558
TRINITY_DN1034_c0_g1_i1	253	109.922	0	0
TRINITY_DN1047_c0_g1_i1	241	98.3962	4	87.0852
TRINITY_DN1026_c0_g1_i1	224	82.7327	3	77.6795
TRINITY_DN1081_c0_g1_i1	203	65.0255	3	98.8326
TRINITY_DN1010_c0_g1_i1	267	123.84	2	34.5964
TRINITY_DN1071_c0_g1_i1	247	104.144	11	226.267
TRINITY_DN1002_c0_g1_i1	204	65.873	3	97.5611
TRINITY_DN1068_c0_g1_i1	225	83.5978	2	51.2505
TRINITY_DN1009_c0_g1_i1	244	101.226	5	105.813
TRINITY_DN1065_c0_g1_i1	282	138.828	3	46.2922
TRINITY_DN1004_c0_g1_i1	239	96.5136	5	110.98
TRINITY_DN1077_c0_g1_i1	212	72.2824	3	88.9102
TRINITY_DN1016_c0_g1_i1	243	100.287	3	64.0826
TRINITY_DN1020_c0_g1_i1	565	421.797	23	116.812
TRINITY_DN1087_c0_g1_i1	400	256.828	4	33.3642
TRINITY_DN1041_c0_g1_i1	208	69.07	4	124.061
TRINITY_DN1058_c0_g1_i1	293	149.828	6	85.787
TRINITY_DN1095_c0_g1_i1	297	153.828	5	69.6303
TRINITY_DN1032_c0_g1_i1	247	104.144	3	61.709
TRINITY_DN1053_c0_g1_i1	234	91.8064	2	46.6681
TRINITY_DN1039_c0_g1_i1	213	73.0646	4	117.278
TRINITY_DN270_c0_g1_i1	433	289.828	126	931.308
TRINITY_DN211_c0_g1_i1	383	239.828	7.2246	64.5323
TRINITY_DN211_c0_g1_i2	257	113.888	7.7754	146.254
TRINITY_DN208_c0_g1_i1	216	75.5695	16.2499	460.644
TRINITY_DN262_c0_g1_i1	3747	3603.8	890	529.045
TRINITY_DN269_c0_g1_i1	387	243.828	26.7297	234.84
TRINITY_DN269_c0_g1_i2	468	324.797	38.5753	254.426
TRINITY_DN269_c0_g1_i3	421	277.828	5.69503	43.912
TRINITY_DN292_c2_g1_i1	319	175.828	5	60.918
TRINITY_DN292_c2_g1_i2	350	206.828	13.4086	138.879
TRINITY_DN292_c2_g1_i3	498	354.797	24.523	148.067
TRINITY_DN292_c2_g2_i1	423	279.828	8.83016	67.5991
TRINITY_DN292_c2_g1_i4	220	79.1026	3.33331	90.2708
TRINITY_DN292_c2_g2_i2	290	146.828	2.30044	33.5634
TRINITY_DN292_c2_g2_i3	318	174.828	10.9229	133.842
TRINITY_DN292_c2_g2_i4	245	102.216	1.14803	24.06
TRINITY_DN292_c2_g1_i5	223	81.8163	3	78.5497
TRINITY_DN292_c2_g1_i6	764	620.797	0	0
TRINITY_DN292_c2_g1_i7	252	108.933	5.86634	115.365
TRINITY_DN292_c2_g1_i8	245	102.216	9.5914	201.013
TRINITY_DN292_c2_g1_i9	559	415.797	0.00965931	0.0497655
TRINITY_DN292_c2_g1_i10	359	215.828	18.1849	180.495
TRINITY_DN292_c2_g1_i11	345	201.828	7.48554	79.452
TRINITY_DN292_c2_g1_i12	286	142.828	7.31213	109.672
TRINITY_DN292_c2_g1_i13	442	298.828	13.7694	98.7087
TRINITY_DN292_c2_g1_i14	355	211.828	7.92162	80.1114
TRINITY_DN292_c2_g1_i15	559	415.797	9.14549	47.1182
TRINITY_DN292_c2_g1_i16	286	142.828	10.6027	159.025
TRINITY_DN292_c2_g3_i1	229	87.1671	11	270.335
TRINITY_DN292_c2_g2_i5	543	399.797	2.2917	12.2795
TRINITY_DN292_c2_g2_i6	835	691.797	44.7179	138.473
TRINITY_DN292_c2_g1_i17	347	203.828	2.48154	26.0807
TRINITY_DN292_c2_g2_i7	231	89.0337	6.2425	150.199
TRINITY_DN292_c2_g2_i8	334	190.828	9.5663	107.39
TRINITY_DN292_c2_g2_i9	602	458.797	19.9773	93.278
TRINITY_DN292_c2_g1_i18	233	90.8706	1.96899	46.4177
TRINITY_DN292_c2_g1_i19	325	181.828	7.99612	94.2067
TRINITY_DN292_c2_g1_i20	250	106.965	5.39932	108.134
TRINITY_DN292_c2_g2_i10	252	108.933	16.3465	321.461
TRINITY_DN292_c2_g2_i11	474	330.797	3.70145	23.9703
TRINITY_DN292_c2_g2_i12	602	458.797	13.9549	65.1581
TRINITY_DN292_c3_g1_i1	275	131.828	7	113.751
TRINITY_DN235_c0_g1_i1	552	408.797	20	104.806
TRINITY_DN299_c1_g1_i1	347	203.828	14.9609	157.238
TRINITY_DN299_c1_g1_i2	354	210.828	8.41965	85.5517
TRINITY_DN299_c2_g1_i1	341	197.828	1.96895	21.3212
TRINITY_DN299_c2_g1_i2	281	137.828	22.6558	352.132
TRINITY_DN299_c2_g1_i3	218	77.3582	3.47419	96.2078
TRINITY_DN299_c2_g1_i4	328	184.828	28.886	334.798
TRINITY_DN299_c2_g1_i5	323	179.828	7.48693	89.1887
TRINITY_DN299_c2_g1_i6	293	149.828	17.0825	244.242
TRINITY_DN299_c2_g1_i7	248	105.102	2.44569	49.8484
TRINITY_DN299_c3_g1_i1	238	95.6099	1.0288	23.051
TRINITY_DN299_c3_g2_i1	579	435.797	519	2551.21
TRINITY_DN299_c3_g3_i1	201	63.325	6	202.973
TRINITY_DN299_c3_g1_i2	225	83.5978	10.8848	278.926
TRINITY_DN299_c3_g1_i3	214	73.8301	104.263	3025.24
TRINITY_DN299_c3_g1_i4	228	86.2546	0	0
TRINITY_DN299_c3_g4_i1	361	217.828	13	127.848
TRINITY_DN299_c3_g5_i1	2855	2711.8	38860	30697.9
TRINITY_DN299_c3_g1_i5	365	221.828	54.5031	526.342
TRINITY_DN299_c3_g6_i1	482	338.797	24	151.752
TRINITY_DN299_c3_g7_i1	208	69.07	58	1798.88
TRINITY_DN299_c3_g1_i6	265	121.853	90.3203	1587.86
TRINITY_DN299_c3_g8_i1	291	147.828	6	86.9477
TRINITY_DN299_c4_g1_i1	297	153.828	11	153.187
TRINITY_DN299_c5_g1_i1	234	91.8064	9	210.006
TRINITY_DN299_c6_g1_i1	257	113.888	6	112.859
TRINITY_DN299_c7_g1_i1	219	78.239	6	164.282
TRINITY_DN299_c8_g1_i1	382	238.828	10.2324	91.7816
TRINITY_DN299_c9_g1_i1	205	66.7258	3	96.3142
TRINITY_DN254_c0_g1_i1	909	765.797	56	156.653
TRINITY_DN227_c0_g1_i1	208	69.07	8.0092	248.406
TRINITY_DN227_c0_g1_i2	403	259.828	29.9908	247.267
TRINITY_DN280_c0_g1_i1	203	65.0255	0	0
TRINITY_DN280_c0_g1_i2	844	700.797	322.703	986.446
TRINITY_DN280_c0_g1_i3	203	65.0255	249.297	8212.9
TRINITY_DN246_c0_g1_i1	760	616.797	37	128.506
TRINITY_DN240_c0_g1_i1	329	185.828	8	92.2236
TRINITY_DN240_c0_g1_i2	514	370.797	10	57.7733
TRINITY_DN221_c1_g1_i1	249	106.039	6	121.212
TRINITY_DN286_c0_g1_i1	784	640.797	56.6055	189.235
TRINITY_DN286_c0_g1_i2	763	619.797	36.2461	125.278
TRINITY_DN286_c0_g1_i3	763	619.797	80.0757	276.767
TRINITY_DN286_c0_g1_i4	516	372.797	481.94	2769.39
TRINITY_DN286_c0_g1_i5	327	183.828	15.1329	176.35
TRINITY_DN259_c0_g1_i1	336	192.828	17.3707	192.979
TRINITY_DN259_c0_g2_i1	1368	1224.8	282.902	494.805
TRINITY_DN259_c0_g2_i2	1246	1102.8	1216.42	2362.92
TRINITY_DN259_c0_g2_i3	1247	1103.8	2012.68	3906.15
TRINITY_DN259_c0_g3_i1	423	279.828	110.802	848.243
TRINITY_DN259_c0_g3_i2	423	279.828	430.827	3298.18
TRINITY_DN294_c0_g1_i1	1838	1694.8	1162.84	1469.82
TRINITY_DN294_c0_g1_i2	1608	1464.8	5202.73	7608.8
TRINITY_DN294_c0_g1_i3	1193	1049.8	23.0965	47.1307
TRINITY_DN294_c0_g1_i4	815	671.797	49.9927	159.416
TRINITY_DN294_c0_g1_i5	499	355.797	10.3448	62.2849
TRINITY_DN233_c0_g1_i1	249	106.039	19.5593	395.139
TRINITY_DN205_c0_g1_i1	246	103.175	5	103.814
TRINITY_DN205_c0_g2_i1	362	218.828	14	137.053
TRINITY_DN205_c1_g1_i1	222	80.8907	6	158.897
TRINITY_DN264_c0_g1_i1	202	64.1284	181.567	6065.27
TRINITY_DN217_c0_g1_i1	282	138.828	42.969	663.043
TRINITY_DN217_c0_g1_i2	449	305.828	79.031	553.584
TRINITY_DN276_c0_g1_i1	477	333.797	1251	8028.57
TRINITY_DN271_c0_g1_i1	1048	904.797	18.6279	44.1039
TRINITY_DN271_c0_g1_i2	592	448.797	15.3721	73.3745
TRINITY_DN210_c0_g1_i1	267	123.84	6	103.789
TRINITY_DN263_c0_g1_i1	342	198.828	1.34561	14.4979
TRINITY_DN263_c0_g1_i2	356	212.828	27.5782	277.588
TRINITY_DN263_c0_g1_i3	248	105.102	0.0762088	1.5533
TRINITY_DN268_c0_g1_i1	324	180.828	28	331.708
TRINITY_DN202_c0_g1_i1	421	277.828	15	115.659
TRINITY_DN234_c0_g1_i1	518	374.797	269.291	1539.18
TRINITY_DN234_c0_g1_i2	471	327.797	11.7086	76.5181
TRINITY_DN234_c1_g1_i1	681	537.797	30.0913	119.863
TRINITY_DN293_c0_g1_i1	827	683.797	39.5372	123.863
TRINITY_DN293_c0_g1_i2	374	230.828	6.13031	56.8928
TRINITY_DN293_c0_g1_i3	225	83.5978	3.08967	79.1736
TRINITY_DN293_c0_g1_i4	572	428.797	17.5773	87.8142
TRINITY_DN293_c0_g2_i1	254	110.922	2	38.6257
TRINITY_DN293_c0_g1_i5	629	485.797	6.76227	29.8195
TRINITY_DN293_c0_g1_i6	224	82.7327	6.48551	167.93
TRINITY_DN293_c0_g1_i7	365	221.828	8	77.2568
TRINITY_DN293_c0_g1_i8	421	277.828	6.41765	49.4838
TRINITY_DN293_c0_g3_i1	206	67.4853	3	95.2302
TRINITY_DN293_c0_g4_i1	391	247.828	9	77.7957
TRINITY_DN298_c0_g1_i1	236	93.6952	396.031	9054.72
TRINITY_DN298_c0_g1_i2	269	125.84	247.387	4211.33
TRINITY_DN298_c2_g1_i1	215	74.6851	22	631.032
TRINITY_DN298_c3_g1_i1	222	80.8907	8	211.863
TRINITY_DN298_c4_g1_i1	254	110.922	12	231.754
TRINITY_DN298_c5_g1_i1	293	149.828	7	100.085
TRINITY_DN255_c0_g1_i1	586	442.797	21	101.596
TRINITY_DN281_c0_g1_i1	4605	4461.8	624	299.597
TRINITY_DN226_c0_g1_i1	488	344.797	6.589	40.9373
TRINITY_DN226_c0_g1_i2	458	314.797	14.411	98.0678
TRINITY_DN247_c0_g1_i1	524	380.797	21.2342	119.455
TRINITY_DN247_c0_g1_i2	794	650.797	46.7658	153.938
TRINITY_DN287_c0_g1_i1	363	219.828	5527.83	53868.5
TRINITY_DN287_c0_g1_i2	639	495.797	20.0472	86.6188
TRINITY_DN287_c0_g1_i3	860	716.797	985.121	2944.13
TRINITY_DN220_c0_g1_i1	310	166.828	12	154.09
TRINITY_DN239_c0_g1_i1	620	476.797	52	233.632
TRINITY_DN232_c0_g1_i1	385	241.828	77	682.099
TRINITY_DN258_c0_g1_i1	1209	1065.8	3104.73	6240.4
TRINITY_DN258_c0_g1_i2	2439	2295.8	597.267	557.311
TRINITY_DN295_c0_g1_i1	2844	2700.8	19830	15728.7
TRINITY_DN265_c0_g1_i1	702	558.797	33	126.509
TRINITY_DN265_c0_g2_i1	1315	1171.8	86	157.22
TRINITY_DN216_c0_g1_i1	566	422.797	23.2082	117.59
TRINITY_DN216_c0_g1_i2	675	531.797	567.671	2286.73
TRINITY_DN216_c0_g1_i3	567	423.797	3.08188e-08	1.55784e-07
TRINITY_DN216_c0_g1_i4	1012	868.797	1518.12	3743.27
TRINITY_DN277_c0_g1_i1	318	174.828	12.3555	151.395
TRINITY_DN277_c0_g1_i2	797	653.797	109.686	359.395
TRINITY_DN277_c0_g1_i3	591	447.797	332.146	1588.95
TRINITY_DN277_c0_g1_i4	570	426.797	501.812	2518.74
TRINITY_DN279_c0_g1_i1	3006	2862.8	1020	763.26
TRINITY_DN272_c0_g1_i1	315	171.828	6	74.8033
TRINITY_DN272_c0_g2_i1	907	763.797	20.8727	58.5416
TRINITY_DN272_c0_g2_i2	1176	1032.8	38.9411	80.7711
TRINITY_DN272_c0_g2_i3	1176	1032.8	42.1862	87.502
TRINITY_DN218_c0_g1_i1	480	336.797	26	165.374
TRINITY_DN201_c0_g1_i1	339	195.828	9	98.4535
TRINITY_DN201_c0_g2_i1	245	102.216	12	251.492
TRINITY_DN260_c0_g1_i1	505	361.797	129	763.815
TRINITY_DN256_c0_g1_i1	360	216.828	3	29.6394
TRINITY_DN256_c0_g2_i1	281	137.828	5	77.7134
TRINITY_DN256_c0_g2_i2	270	126.828	6	101.344
TRINITY_DN290_c0_g1_i1	260	116.877	2.16039e-05	0.000395976
TRINITY_DN290_c0_g1_i2	255	111.922	64	1224.98
TRINITY_DN290_c0_g2_i1	368	224.828	17	161.98
TRINITY_DN290_c0_g3_i1	202	64.1284	1	33.4051
TRINITY_DN290_c0_g4_i1	843	699.797	26	79.5911
TRINITY_DN290_c0_g5_i1	354	210.828	18	182.897
TRINITY_DN237_c0_g1_i1	202	64.1284	5	167.025
TRINITY_DN237_c1_g1_i1	288	144.828	7	103.54
TRINITY_DN244_c0_g1_i1	513	369.797	50.8766	294.725
TRINITY_DN244_c0_g1_i2	405	261.828	15.1234	123.736
TRINITY_DN289_c1_g1_i1	205	66.7258	394.289	12658.5
TRINITY_DN289_c1_g2_i1	214	73.8301	372.5	10808.3
TRINITY_DN289_c1_g1_i2	201	63.325	219.211	7415.67
TRINITY_DN225_c0_g1_i1	572	428.797	306	1528.74
TRINITY_DN282_c0_g1_i1	219	78.239	8.95349	245.15
TRINITY_DN282_c0_g1_i2	617	473.797	29.0465	131.33
TRINITY_DN223_c0_g1_i1	334	190.828	30	336.777
TRINITY_DN284_c0_g1_i1	416	272.828	15.4035	120.947
TRINITY_DN284_c0_g1_i2	454	310.828	3.86124	26.6115
TRINITY_DN284_c0_g1_i3	254	110.922	3	57.9385
TRINITY_DN284_c0_g1_i4	361	217.828	7.12532	70.0735
TRINITY_DN284_c0_g1_i5	379	235.828	2.60992	23.708
TRINITY_DN249_c0_g1_i1	383	239.828	39	348.36
TRINITY_DN228_c0_g1_i1	361	217.828	11.1853	110.001
TRINITY_DN228_c0_g1_i2	261	117.877	287.966	5233.32
TRINITY_DN296_c0_g1_i1	242	99.3467	7	150.941
TRINITY_DN296_c1_g1_i1	297	153.828	60.3302	840.161
TRINITY_DN296_c1_g1_i2	330	186.828	215.67	2472.92
TRINITY_DN296_c2_g1_i1	252	108.933	27.8571	547.823
TRINITY_DN296_c2_g1_i2	276	132.828	137.949	2224.81
TRINITY_DN296_c2_g1_i3	529	385.797	497.365	2761.72
TRINITY_DN296_c2_g2_i1	335	191.828	1838.41	20530.2
TRINITY_DN296_c2_g1_i4	1327	1183.8	136.431	246.888
TRINITY_DN296_c4_g1_i1	202	64.1284	5	167.025
TRINITY_DN250_c0_g1_i1	469	325.797	20	131.506
TRINITY_DN250_c0_g2_i1	452	308.828	22	152.605
TRINITY_DN266_c0_g1_i1	810	666.797	18.7505	60.2396
TRINITY_DN266_c0_g2_i1	1507	1363.8	59	92.6756
TRINITY_DN266_c0_g1_i2	836	692.797	23.2495	71.8903
TRINITY_DN266_c0_g3_i1	258	114.877	5	93.2398
TRINITY_DN207_c0_g1_i1	228	86.2546	11	273.195
TRINITY_DN207_c1_g1_i1	224	82.7327	6	155.359
TRINITY_DN274_c0_g1_i1	539	395.797	9.42047	50.9874
TRINITY_DN274_c0_g1_i2	575	431.797	171.58	851.234
TRINITY_DN215_c0_g1_i1	220	79.1026	55.3088	1497.84
TRINITY_DN215_c0_g1_i2	351	207.828	23.6912	244.2
TRINITY_DN278_c0_g1_i1	201	63.325	4.86085	164.437
TRINITY_DN278_c0_g1_i2	234	91.8064	21.1591	493.726
TRINITY_DN278_c0_g1_i3	234	91.8064	1.13915	26.5811
TRINITY_DN278_c0_g1_i4	201	63.325	13.8409	468.223
TRINITY_DN219_c0_g1_i1	856	712.797	42	126.225
TRINITY_DN273_c0_g1_i1	629	485.797	3.11308	13.7277
TRINITY_DN273_c0_g2_i1	1289	1145.8	1458.53	2726.91
TRINITY_DN273_c0_g2_i2	939	795.797	214.069	576.254
TRINITY_DN273_c0_g1_i2	628	484.797	21.8869	96.7137
TRINITY_DN273_c0_g2_i3	774	630.797	23.3994	79.4655
TRINITY_DN261_c0_g1_i1	1446	1302.8	1060	1742.98
TRINITY_DN257_c0_g1_i1	249	106.039	61.9208	1250.93
TRINITY_DN257_c0_g2_i1	233	90.8706	6	141.446
TRINITY_DN236_c0_g1_i1	1075	931.797	797	1832.31
TRINITY_DN291_c1_g1_i1	2609	2465.8	60316	52400.8
TRINITY_DN245_c0_g1_i1	378	234.828	4.84541	44.2022
TRINITY_DN245_c0_g1_i2	414	270.828	2.42609	19.19
TRINITY_DN245_c0_g1_i3	355	211.828	2.53392	25.6255
TRINITY_DN245_c0_g1_i4	319	175.828	6.19459	75.4723
TRINITY_DN288_c0_g1_i1	347	203.828	20.6183	216.697
TRINITY_DN288_c0_g1_i2	236	93.6952	1.3817	31.5908
TRINITY_DN288_c0_g2_i1	859	715.797	12.7637	38.1987
TRINITY_DN288_c0_g2_i2	322	178.828	2.77891	33.2891
TRINITY_DN288_c0_g2_i3	322	178.828	13.9268	166.832
TRINITY_DN288_c0_g2_i4	239	96.5136	4.44145	98.5824
TRINITY_DN288_c0_g2_i5	765	621.797	9.87445	34.0194
TRINITY_DN288_c0_g2_i6	2216	2072.8	142.589	147.364
TRINITY_DN288_c0_g3_i1	280	136.828	16.4462	257.486
TRINITY_DN288_c0_g2_i7	1292	1148.8	33.0408	61.6127
TRINITY_DN288_c0_g3_i2	331	187.828	5.5538	63.3422
TRINITY_DN288_c0_g2_i8	765	621.797	11.5849	39.9124
TRINITY_DN288_c0_g2_i9	859	715.797	0.000259547	0.000776764
TRINITY_DN224_c0_g1_i1	938	794.797	16	43.1248
TRINITY_DN285_c0_g1_i1	1448	1304.8	49.0007	80.4492
TRINITY_DN285_c0_g1_i2	621	477.797	42.1771	189.102
TRINITY_DN285_c0_g1_i3	1066	922.797	4.83714e-06	1.12291e-05
TRINITY_DN285_c0_g1_i4	1830	1686.8	7292.25	9261.07
TRINITY_DN285_c0_g1_i5	1763	1619.8	164.451	217.49
TRINITY_DN285_c0_g1_i6	2043	1899.8	178.345	201.103
TRINITY_DN285_c0_g1_i7	1133	989.797	96.0691	207.922
TRINITY_DN285_c0_g1_i8	1346	1202.8	0.0224231	0.0399361
TRINITY_DN285_c0_g2_i1	584	440.797	77.576	377.009
TRINITY_DN285_c0_g1_i9	1146	1002.8	151.112	322.811
TRINITY_DN248_c0_g1_i1	310	166.828	15	192.613
TRINITY_DN243_c0_g1_i1	835	691.797	52	161.023
TRINITY_DN229_c0_g1_i1	280	136.828	14	219.188
TRINITY_DN230_c0_g1_i1	220	79.1026	15	406.222
TRINITY_DN230_c0_g1_i2	223	81.8163	22	576.031
TRINITY_DN297_c0_g1_i1	202	64.1284	6	200.431
TRINITY_DN297_c6_g1_i1	230	88.1229	7.16615	174.205
TRINITY_DN297_c6_g1_i2	336	192.828	23.0164	255.7
TRINITY_DN297_c6_g1_i3	326	182.828	0	0
TRINITY_DN297_c6_g1_i4	240	97.4942	20.2259	444.417
TRINITY_DN297_c6_g1_i5	234	91.8064	4.00011	93.3386
TRINITY_DN297_c6_g2_i1	217	76.4683	25.9828	727.894
TRINITY_DN297_c6_g1_i6	291	147.828	13.0664	189.349
TRINITY_DN297_c6_g3_i1	205	66.7258	3	96.3142
TRINITY_DN297_c6_g1_i7	270	126.828	27.432	463.347
TRINITY_DN297_c6_g1_i8	232	89.9707	12.6493	301.181
TRINITY_DN297_c6_g1_i9	248	105.102	0	0
TRINITY_DN297_c6_g1_i10	240	97.4942	11.5177	253.076
TRINITY_DN297_c6_g1_i11	284	140.828	2.8751	43.7349
TRINITY_DN297_c6_g1_i12	239	96.5136	17.3036	384.07
TRINITY_DN297_c6_g1_i13	331	187.828	5.82127	66.3928
TRINITY_DN297_c6_g1_i14	227	85.3759	26.4081	662.621
TRINITY_DN297_c6_g1_i15	227	85.3759	38.1341	956.843
TRINITY_DN297_c6_g2_i2	224	82.7327	7.84442	203.117
TRINITY_DN297_c6_g1_i16	284	140.828	20.9909	319.306
TRINITY_DN297_c6_g1_i17	232	89.9707	1.36229	32.4362
TRINITY_DN297_c6_g1_i18	217	76.4683	1.26353	35.397
TRINITY_DN251_c0_g1_i1	356	212.828	11	110.72
TRINITY_DN251_c0_g2_i1	427	283.828	24	181.142
TRINITY_DN267_c0_g1_i1	208	69.07	6.9244	214.761
TRINITY_DN267_c0_g1_i2	215	74.6851	8.0756	231.635
TRINITY_DN206_c0_g1_i1	303	159.828	5.51868	73.9684
TRINITY_DN206_c0_g1_i2	484	340.797	24.4813	153.887
TRINITY_DN206_c0_g1_i3	222	80.8907	0	0
TRINITY_DN214_c0_g1_i1	2125	1981.8	168	181.599
TRINITY_DN511_c0_g1_i1	519	375.797	64	364.829
TRINITY_DN503_c0_g1_i1	224	82.7327	2	51.7864
TRINITY_DN569_c0_g1_i1	209	69.903	4	122.582
TRINITY_DN508_c0_g1_i1	302	158.828	10	134.877
TRINITY_DN562_c0_g1_i1	247	104.144	2	41.1394
TRINITY_DN554_c0_g1_i1	274	130.828	4	65.4972
TRINITY_DN599_c0_g1_i1	204	65.873	2	65.0407
TRINITY_DN592_c0_g1_i1	272	128.828	4	66.514
TRINITY_DN535_c0_g1_i1	693	549.797	10	38.9637
TRINITY_DN546_c0_g1_i1	220	79.1026	3	81.2444
TRINITY_DN527_c0_g1_i1	312	168.828	4	50.755
TRINITY_DN580_c0_g1_i1	271	127.828	4	67.0344
TRINITY_DN521_c0_g1_i1	483	339.797	15	94.566
TRINITY_DN586_c0_g1_i1	215	74.6851	3	86.0498
TRINITY_DN540_c0_g1_i1	260	116.877	4	73.3154
TRINITY_DN594_c0_g1_i1	441	297.828	7	50.3496
TRINITY_DN559_c0_g1_i1	231	89.0337	15	360.911
TRINITY_DN533_c0_g1_i1	271	127.828	6	100.552
TRINITY_DN552_c0_g1_i1	208	69.07	4	124.061
TRINITY_DN538_c0_g1_i1	315	171.828	5	62.3361
TRINITY_DN564_c0_g1_i1	266	122.84	4	69.756
TRINITY_DN505_c0_g1_i1	232	89.9707	3	71.4304
TRINITY_DN576_c0_g1_i1	254	110.922	3	57.9385
TRINITY_DN517_c0_g1_i1	202	64.1284	4	133.62
TRINITY_DN510_c0_g1_i1	204	65.873	3	97.5611
TRINITY_DN571_c0_g1_i1	212	72.2824	4	118.547
TRINITY_DN568_c0_g1_i1	576	432.797	14	69.2958
TRINITY_DN502_c0_g1_i1	208	69.07	3	93.0454
TRINITY_DN563_c0_g1_i1	207	68.2714	4	125.512
TRINITY_DN509_c0_g1_i1	336	192.828	18	199.97
TRINITY_DN555_c0_g1_i1	320	176.828	5	60.5734
TRINITY_DN598_c0_g1_i1	213	73.0646	3	87.9583
TRINITY_DN534_c0_g1_i1	416	272.828	17	133.482
TRINITY_DN593_c0_g1_i1	327	183.828	14	163.147
TRINITY_DN547_c0_g1_i1	259	115.877	5	92.4352
TRINITY_DN581_c0_g1_i1	258	114.877	3	55.9439
TRINITY_DN526_c0_g1_i1	384	240.828	10	88.9521
TRINITY_DN587_c0_g1_i1	229	87.1671	5	122.88
TRINITY_DN520_c0_g1_i1	227	85.3759	4	100.366
TRINITY_DN541_c0_g1_i1	264	120.853	6	106.355
TRINITY_DN532_c0_g1_i1	218	77.3582	7	193.845
TRINITY_DN595_c0_g1_i1	266	122.84	4	69.756
TRINITY_DN558_c0_g1_i1	226	84.4617	4	101.453
TRINITY_DN539_c0_g1_i1	531	387.797	10	55.2406
TRINITY_DN553_c0_g1_i1	211	71.5133	7	209.688
TRINITY_DN565_c0_g1_i1	343	199.828	14	150.084
TRINITY_DN504_c0_g1_i1	209	69.903	2	61.2911
TRINITY_DN577_c0_g1_i1	245	102.216	6	125.746
TRINITY_DN516_c0_g1_i1	224	82.7327	5	129.466
TRINITY_DN572_c0_g1_i1	366	222.828	8	76.9101
TRINITY_DN518_c0_g1_i1	508	364.797	9	52.8511
TRINITY_DN579_c0_g1_i1	241	98.3962	3	65.3139
TRINITY_DN513_c0_g1_i1	254	110.922	16	309.005
TRINITY_DN560_c0_g1_i1	203	65.0255	2	65.8884
TRINITY_DN501_c0_g1_i1	225	83.5978	3	76.8757
TRINITY_DN590_c0_g1_i1	301	157.828	4	54.2924
TRINITY_DN537_c0_g1_i1	292	148.828	4	57.5756
TRINITY_DN556_c0_g1_i1	234	91.8064	3	70.0021
TRINITY_DN525_c0_g1_i1	246	103.175	4	83.0514
TRINITY_DN582_c0_g1_i1	208	69.07	2	62.0303
TRINITY_DN589_c0_g1_i1	404	260.828	15	123.197
TRINITY_DN544_c0_g1_i1	445	301.828	6	42.5848
TRINITY_DN528_c0_g1_i1	213	73.0646	3	87.9583
TRINITY_DN542_c0_g1_i1	204	65.873	2	65.0407
TRINITY_DN523_c0_g1_i1	523	379.797	8	45.1234
TRINITY_DN549_c0_g1_i1	369	225.828	6	56.9163
TRINITY_DN584_c0_g1_i1	793	649.797	26	85.7154
TRINITY_DN550_c0_g1_i1	202	64.1284	2	66.8102
TRINITY_DN596_c0_g1_i1	285	141.828	3	45.313
TRINITY_DN531_c0_g1_i1	422	278.828	8	61.4634
TRINITY_DN507_c0_g1_i1	229	87.1671	7	172.032
TRINITY_DN566_c0_g1_i1	292	148.828	4	57.5756
TRINITY_DN515_c0_g1_i1	214	73.8301	2	58.0309
TRINITY_DN574_c0_g1_i1	233	90.8706	3	70.723
TRINITY_DN519_c0_g1_i1	691	547.797	16	62.5696
TRINITY_DN573_c0_g1_i1	212	72.2824	3	88.9102
TRINITY_DN512_c0_g1_i1	272	128.828	6	99.771
TRINITY_DN578_c0_g1_i1	229	87.1671	6	147.456
TRINITY_DN561_c0_g1_i1	403	259.828	8	65.958
TRINITY_DN500_c0_g1_i1	278	134.828	4	63.5541
TRINITY_DN536_c0_g1_i1	251	107.954	7	138.906
TRINITY_DN591_c0_g1_i1	283	139.828	11	168.524
TRINITY_DN557_c0_g1_i1	292	148.828	6	86.3635
TRINITY_DN583_c0_g1_i1	375	231.828	4	36.9622
TRINITY_DN524_c0_g1_i1	242	99.3467	3	64.689
TRINITY_DN588_c0_g1_i1	203	65.0255	2	65.8884
TRINITY_DN545_c0_g1_i1	454	310.828	12	82.7036
TRINITY_DN543_c0_g1_i1	352	208.828	5	51.2914
TRINITY_DN529_c0_g1_i1	219	78.239	3	82.1412
TRINITY_DN548_c0_g1_i1	229	87.1671	3	73.7278
TRINITY_DN585_c0_g1_i1	284	140.828	3	45.6348
TRINITY_DN522_c0_g1_i1	485	341.797	6	37.6051
TRINITY_DN551_c0_g1_i1	395	251.828	5	42.5333
TRINITY_DN530_c0_g1_i1	288	144.828	7	103.54
TRINITY_DN597_c0_g1_i1	228	86.2546	3	74.5078
TRINITY_DN506_c0_g1_i1	319	175.828	21	255.855
TRINITY_DN567_c0_g1_i1	204	65.873	3	97.5611
TRINITY_DN514_c0_g1_i1	523	379.797	11	62.0446
TRINITY_DN575_c0_g1_i1	359	215.828	8	79.4046
TRINITY_DN433_c0_g1_i1	234	91.8064	10	233.34
TRINITY_DN494_c0_g1_i1	291	147.828	4	57.9651
TRINITY_DN459_c0_g1_i1	332	188.828	7	79.4136
TRINITY_DN438_c0_g1_i1	559	415.797	10	51.5207
TRINITY_DN452_c0_g1_i1	234	91.8064	3	70.0021
TRINITY_DN486_c0_g1_i1	205	66.7258	2	64.2094
TRINITY_DN421_c0_g1_i1	247	104.144	6.09727	125.419
TRINITY_DN440_c0_g1_i1	205	66.7258	2	64.2094
TRINITY_DN476_c0_g1_i1	222	80.8907	2	52.9657
TRINITY_DN417_c0_g1_i1	314	170.828	11	137.942
TRINITY_DN464_c0_g1_i1	228	86.2546	4	99.3438
TRINITY_DN405_c0_g1_i1	407	263.828	7	56.8382
TRINITY_DN469_c0_g1_i1	263	119.877	66.7282	1192.44
TRINITY_DN403_c0_g1_i1	292	148.828	6	86.3635
TRINITY_DN462_c0_g1_i1	201	63.325	4	135.316
TRINITY_DN408_c0_g1_i1	368	224.828	5	47.6412
TRINITY_DN411_c0_g1_i1	226	84.4617	4	101.453
TRINITY_DN470_c0_g1_i1	238	95.6099	3	67.2173
TRINITY_DN446_c0_g1_i1	350	206.828	13	134.647
TRINITY_DN480_c0_g1_i1	349	205.828	3	31.2234
TRINITY_DN427_c0_g1_i1	278	134.828	4	63.5541
TRINITY_DN454_c0_g1_i1	247	104.144	3	61.709
TRINITY_DN499_c0_g1_i1	204	65.873	2	65.0407
TRINITY_DN435_c0_g1_i1	247	104.144	6	123.418
TRINITY_DN492_c0_g1_i1	209	69.903	2	61.2911
TRINITY_DN495_c0_g1_i1	215	74.6851	5	143.416
TRINITY_DN458_c0_g1_i1	252	108.933	3	58.9965
TRINITY_DN432_c0_g1_i1	402	258.828	7	57.9362
TRINITY_DN453_c0_g1_i1	249	106.039	4	80.8083
TRINITY_DN439_c0_g1_i1	220	79.1026	2	54.1629
TRINITY_DN420_c0_g1_i1	248	105.102	4	81.5286
TRINITY_DN441_c0_g1_i1	219	78.239	2	54.7608
TRINITY_DN477_c0_g1_i1	262	118.877	3	54.0615
TRINITY_DN416_c0_g1_i1	203	65.0255	3	98.8326
TRINITY_DN465_c0_g1_i1	444	300.828	5	35.6053
TRINITY_DN404_c0_g1_i1	424	280.828	8	61.0257
TRINITY_DN402_c0_g1_i1	270	126.828	5	84.4536
TRINITY_DN468_c0_g1_i1	201	63.325	2	67.6578
TRINITY_DN409_c0_g1_i1	202	64.1284	5	167.025
TRINITY_DN463_c0_g1_i1	216	75.5695	2	56.6952
TRINITY_DN471_c0_g1_i1	203	65.0255	2	65.8884
TRINITY_DN447_c0_g1_i1	320	176.828	4	48.4588
TRINITY_DN426_c0_g1_i1	433	289.828	6	44.348
TRINITY_DN481_c0_g1_i1	211	71.5133	17	509.243
TRINITY_DN455_c0_g1_i1	225	83.5978	2	51.2505
TRINITY_DN493_c0_g1_i1	208	69.07	3	93.0454
TRINITY_DN434_c0_g1_i1	365	221.828	4	38.6284
TRINITY_DN450_c0_g1_i1	201	63.325	2	67.6578
TRINITY_DN431_c0_g1_i1	418	274.828	14	109.126
TRINITY_DN496_c0_g1_i1	224	82.7327	2	51.7864
TRINITY_DN442_c0_g1_i1	204	65.873	4	130.081
TRINITY_DN428_c0_g1_i1	311	167.828	5	63.8218
TRINITY_DN449_c0_g1_i1	468	324.797	5	32.9778
TRINITY_DN484_c0_g1_i1	216	75.5695	2	56.6952
TRINITY_DN423_c0_g1_i1	421	277.828	7	53.9741
TRINITY_DN415_c0_g1_i1	221	80.0134	4	107.093
TRINITY_DN474_c0_g1_i1	297	153.828	5	69.6303
TRINITY_DN407_c0_g1_i1	202	64.1284	8	267.241
TRINITY_DN466_c0_g1_i1	308	164.828	4	51.9867
TRINITY_DN460_c0_g1_i1	241	98.3962	2	43.5426
TRINITY_DN401_c0_g1_i1	216	75.5695	10	283.476
TRINITY_DN418_c0_g1_i1	487	343.797	14	87.2347
TRINITY_DN472_c0_g1_i1	217	76.4683	4	112.058
TRINITY_DN413_c0_g1_i1	389	245.828	9	78.4286
TRINITY_DN479_c0_g1_i1	258	114.877	5	93.2398
TRINITY_DN482_c0_g1_i1	370	226.828	6	56.6654
TRINITY_DN425_c0_g1_i1	334	190.828	7	78.5813
TRINITY_DN489_c0_g1_i1	253	109.922	4	77.9541
TRINITY_DN444_c0_g1_i1	229	87.1671	4	98.3038
TRINITY_DN490_c0_g1_i1	220	79.1026	2	54.1629
TRINITY_DN456_c0_g1_i1	221	80.0134	5	133.866
TRINITY_DN451_c0_g1_i1	205	66.7258	2	64.2094
TRINITY_DN497_c0_g1_i1	256	112.911	3	56.918
TRINITY_DN430_c0_g1_i1	228	86.2546	4	99.3438
TRINITY_DN429_c0_g1_i1	366	222.828	5	48.0688
TRINITY_DN443_c0_g1_i1	254	110.922	5	96.5642
TRINITY_DN422_c0_g1_i1	204	65.873	3	97.5611
TRINITY_DN448_c0_g1_i1	366	222.828	5	48.0688
TRINITY_DN485_c0_g1_i1	230	88.1229	3	72.9281
TRINITY_DN414_c0_g1_i1	270	126.828	6	101.344
TRINITY_DN475_c0_g1_i1	229	87.1671	4	98.3038
TRINITY_DN467_c0_g1_i1	234	91.8064	3	70.0021
TRINITY_DN461_c0_g1_i1	242	99.3467	3	64.689
TRINITY_DN400_c0_g1_i1	273	129.828	9	148.504
TRINITY_DN473_c0_g1_i1	233	90.8706	3	70.723
TRINITY_DN419_c0_g1_i1	208	69.07	2	62.0303
TRINITY_DN478_c0_g1_i1	354	210.828	10	101.61
TRINITY_DN412_c0_g1_i1	220	79.1026	3	81.2444
TRINITY_DN424_c0_g1_i1	266	122.84	4	69.756
TRINITY_DN483_c0_g1_i1	283	139.828	3	45.9611
TRINITY_DN488_c0_g1_i1	227	85.3759	4	100.366
TRINITY_DN445_c0_g1_i1	342	198.828	5	53.8711
TRINITY_DN491_c0_g1_i1	245	102.216	4	83.8306
TRINITY_DN436_c0_g1_i1	257	113.888	3	56.4295
TRINITY_DN457_c0_g1_i1	265	121.853	4	70.3215
TRINITY_DN338_c0_g1_i1	397	253.828	9	75.9567
TRINITY_DN352_c0_g1_i1	753	609.797	49	172.137
TRINITY_DN333_c0_g1_i1	258	114.877	4	74.5919
TRINITY_DN359_c0_g1_i1	222	80.8907	3	79.4485
TRINITY_DN394_c0_g1_i1	249	106.039	4	80.8083
TRINITY_DN340_c0_g1_i1	461	317.797	10	67.4083
TRINITY_DN386_c0_g1_i1	335	191.828	4	44.6695
TRINITY_DN321_c0_g1_i1	385	241.828	4	35.4337
TRINITY_DN317_c0_g1_i1	320	176.828	7	84.8028
TRINITY_DN376_c0_g1_i1	343	199.828	8	85.7624
TRINITY_DN305_c0_g1_i1	257	113.888	3	56.4295
TRINITY_DN364_c0_g1_i1	289	145.828	7	102.83
TRINITY_DN362_c0_g1_i1	334	190.828	5	56.1295
TRINITY_DN308_c0_g1_i1	337	193.828	5	55.2608
TRINITY_DN369_c0_g1_i1	628	484.797	13	57.4442
TRINITY_DN303_c0_g1_i1	256	112.911	9	170.754
TRINITY_DN370_c0_g1_i1	248	105.102	5	101.911
TRINITY_DN311_c0_g1_i1	331	187.828	10	114.052
TRINITY_DN380_c0_g1_i1	273	129.828	3	49.5013
TRINITY_DN327_c0_g1_i1	246	103.175	3	62.2886
TRINITY_DN346_c0_g1_i1	229	87.1671	4	98.3038
TRINITY_DN335_c0_g1_i1	252	108.933	3	58.9965
TRINITY_DN392_c0_g1_i1	241	98.3962	3	65.3139
TRINITY_DN399_c0_g1_i1	213	73.0646	4	117.278
TRINITY_DN354_c0_g1_i1	302	158.828	5	67.4383
TRINITY_DN353_c0_g1_i1	516	372.797	11	63.2097
TRINITY_DN339_c0_g1_i1	285	141.828	4	60.4173
TRINITY_DN358_c0_g1_i1	274	130.828	6	98.2458
TRINITY_DN395_c0_g1_i1	281	137.828	4	62.1707
TRINITY_DN332_c0_g1_i1	250	106.965	3	60.0817
TRINITY_DN341_c0_g1_i1	483	339.797	10	63.044
TRINITY_DN320_c0_g1_i1	287	143.828	12	178.732
TRINITY_DN387_c0_g1_i1	332	188.828	6	68.0688
TRINITY_DN316_c0_g1_i1	477	333.797	15	96.2658
TRINITY_DN377_c0_g1_i1	575	431.797	8	39.6893
TRINITY_DN304_c0_g1_i1	279	135.828	4	63.0862
TRINITY_DN365_c0_g1_i1	342	198.828	4	43.0969
TRINITY_DN309_c0_g1_i1	332	188.828	8	90.7584
TRINITY_DN363_c0_g1_i1	305	161.828	6	79.4257
TRINITY_DN302_c1_g1_i1	1613	1469.8	14156	20632.2
TRINITY_DN302_c2_g1_i1	1068	924.797	22101.3	51195.7
TRINITY_DN302_c2_g2_i1	214	73.8301	2	58.0309
TRINITY_DN302_c2_g3_i1	214	73.8301	10014.6	290579
TRINITY_DN302_c2_g4_i1	2636	2492.8	2178.43	1872.06
TRINITY_DN302_c2_g3_i2	209	69.903	33.386	1023.13
TRINITY_DN302_c2_g4_i2	712	568.797	5.26199	19.8178
TRINITY_DN302_c2_g1_i2	402	258.828	2573.75	21301.9
TRINITY_DN302_c2_g4_i3	2513	2369.8	11648.3	10529.7
TRINITY_DN302_c3_g1_i1	219	78.239	10	273.804
TRINITY_DN302_c4_g1_i1	201	63.325	11	372.118
TRINITY_DN368_c0_g1_i1	271	127.828	3	50.2758
TRINITY_DN371_c0_g1_i1	277	133.828	4	64.029
TRINITY_DN310_c0_g1_i1	246	103.175	3	62.2886
TRINITY_DN326_c0_g1_i1	796	652.797	67.5291	221.603
TRINITY_DN326_c0_g1_i2	796	652.797	134.471	441.279
TRINITY_DN381_c0_g1_i1	396	252.828	7	59.3111
TRINITY_DN347_c0_g1_i1	441	297.828	6	43.1568
TRINITY_DN334_c0_g1_i1	209	69.903	6	183.873
TRINITY_DN398_c0_g1_i1	220	79.1026	2	54.1629
TRINITY_DN355_c0_g1_i1	570	426.797	11	55.2121
TRINITY_DN331_c0_g1_i1	375	231.828	5	46.2027
TRINITY_DN396_c0_g1_i1	368	224.828	6	57.1695
TRINITY_DN350_c0_g1_i1	241	98.3962	3	65.3139
TRINITY_DN384_c0_g1_i1	354	210.828	7	71.1268
TRINITY_DN349_c0_g1_i1	414	270.828	7	55.3691
TRINITY_DN323_c0_g1_i1	430	286.828	6	44.8118
TRINITY_DN342_c0_g1_i1	224	82.7327	3	77.6795
TRINITY_DN328_c0_g1_i1	419	275.828	16	124.264
TRINITY_DN374_c0_g1_i1	207	68.2714	2	62.7558
TRINITY_DN315_c0_g1_i1	308	164.828	4	51.9867
TRINITY_DN366_c0_g1_i1	408	264.828	7	56.6236
TRINITY_DN307_c0_g1_i1	406	262.828	7	57.0545
TRINITY_DN301_c0_g1_i1	1840	1696.8	73.9466	93.358
TRINITY_DN301_c0_g1_i2	268	124.84	6.06804	104.125
TRINITY_DN301_c0_g1_i3	472	328.797	10	65.1531
TRINITY_DN301_c0_g1_i4	276	132.828	9	145.15
TRINITY_DN301_c0_g1_i5	1656	1512.8	28.5236	40.3912
TRINITY_DN301_c0_g1_i6	2869	2725.8	171.653	134.902
TRINITY_DN301_c0_g2_i1	260	116.877	5	91.6443
TRINITY_DN301_c0_g3_i1	221	80.0134	6.6	176.703
TRINITY_DN301_c0_g1_i7	850	706.797	18.1857	55.1186
TRINITY_DN301_c0_g1_i8	2231	2087.8	24.467	25.1047
TRINITY_DN301_c0_g1_i9	643	499.797	3.24163	13.8942
TRINITY_DN301_c0_g1_i10	1403	1259.8	14.0821	23.9458
TRINITY_DN301_c0_g1_i11	2857	2713.8	45.8021	36.1552
TRINITY_DN301_c0_g4_i1	292	148.828	4.12588	59.3875
TRINITY_DN301_c0_g1_i12	1116	972.797	20.6092	45.3839
TRINITY_DN301_c0_g3_i2	221	80.0134	4.4	117.802
TRINITY_DN301_c0_g5_i1	377	233.828	8	73.292
TRINITY_DN301_c0_g1_i13	305	161.828	11.2766	149.276
TRINITY_DN301_c0_g1_i14	2831	2687.8	190.955	152.194
TRINITY_DN301_c0_g1_i15	2473	2329.8	181.232	166.64
TRINITY_DN301_c0_g1_i16	1656	1512.8	7.48193	10.5949
TRINITY_DN301_c0_g1_i17	308	164.828	33	428.89
TRINITY_DN301_c0_g1_i18	2892	2748.8	129.519	100.938
TRINITY_DN301_c0_g1_i19	1158	1014.8	7.60362	16.0511
TRINITY_DN301_c0_g6_i1	243	100.287	3	64.0826
TRINITY_DN301_c0_g1_i20	1816	1672.8	11.9486	15.3016
TRINITY_DN301_c0_g1_i21	354	210.828	1.2783	12.9888
TRINITY_DN301_c1_g1_i1	560	416.797	19	97.6545
TRINITY_DN301_c2_g1_i1	216	75.5695	6	170.085
TRINITY_DN360_c0_g1_i1	206	67.4853	2	63.4868
TRINITY_DN313_c0_g1_i1	202	64.1284	2	66.8102
TRINITY_DN379_c0_g1_i1	309	165.828	5	64.5915
TRINITY_DN318_c0_g1_i1	426	282.828	5	37.8713
TRINITY_DN372_c0_g1_i1	445	301.828	11	78.0722
TRINITY_DN344_c0_g1_i1	263	119.877	4	71.4807
TRINITY_DN389_c0_g1_i1	235	92.7045	4	92.4319
TRINITY_DN382_c0_g1_i1	217	76.4683	5	140.072
TRINITY_DN325_c0_g1_i1	254	110.922	3	57.9385
TRINITY_DN356_c0_g1_i1	247	104.144	4	82.2787
TRINITY_DN337_c0_g1_i1	219	78.239	4	109.522
TRINITY_DN390_c0_g1_i1	272	128.828	7	116.4
TRINITY_DN397_c0_g1_i1	242	99.3467	5	107.815
TRINITY_DN330_c0_g1_i1	454	310.828	16	110.271
TRINITY_DN351_c0_g1_i1	256	112.911	8	151.781
TRINITY_DN322_c0_g1_i1	483	339.797	8	50.4352
TRINITY_DN385_c0_g1_i1	332	188.828	4	45.3792
TRINITY_DN348_c0_g1_i1	293	149.828	5	71.4892
TRINITY_DN329_c0_g1_i1	259	115.877	10	184.87
TRINITY_DN343_c0_g1_i1	343	199.828	25	268.007
TRINITY_DN375_c0_g1_i1	283	139.828	7	107.243
TRINITY_DN314_c0_g1_i1	228	86.2546	6	149.016
TRINITY_DN367_c0_g1_i1	228	86.2546	4	99.3438
TRINITY_DN306_c0_g1_i1	268	124.84	10	171.596
TRINITY_DN300_c0_g1_i1	254	110.922	6.37244	123.07
TRINITY_DN300_c0_g1_i2	1532	1388.8	273.258	421.5
TRINITY_DN300_c0_g1_i3	947	803.797	25.8796	68.9721
TRINITY_DN300_c0_g1_i4	1417	1273.8	59.1754	99.5185
TRINITY_DN300_c0_g1_i5	360	216.828	7.29813	72.104
TRINITY_DN300_c0_g2_i1	357	213.828	23	230.423
TRINITY_DN300_c0_g1_i6	998	854.797	11.5487	28.9423
TRINITY_DN300_c0_g1_i7	1139	995.797	20.8717	44.9005
TRINITY_DN300_c0_g1_i8	1034	890.797	30.8592	74.2112
TRINITY_DN300_c0_g1_i9	1525	1381.8	183.653	284.72
TRINITY_DN300_c0_g1_i10	1533	1389.8	44.0829	67.9489
TRINITY_DN361_c0_g1_i1	256	112.911	3	56.918
TRINITY_DN378_c0_g1_i1	430	286.828	8	59.7491
TRINITY_DN312_c0_g1_i1	276	132.828	4	64.511
TRINITY_DN373_c0_g1_i1	293	149.828	4	57.1914
TRINITY_DN319_c0_g1_i1	221	80.0134	4	107.093
TRINITY_DN345_c0_g1_i1	326	182.828	3	35.1513
TRINITY_DN388_c0_g1_i1	467	323.797	7	46.3115
TRINITY_DN324_c0_g1_i1	407	263.828	7	56.8382
TRINITY_DN383_c0_g1_i1	315	171.828	11	137.139
TRINITY_DN357_c0_g1_i1	308	164.828	3	38.99
TRINITY_DN391_c0_g1_i1	223	81.8163	3	78.5497
TRINITY_DN336_c0_g1_i1	227	85.3759	3	75.2747
TRINITY_DN1204_c0_g1_i1	203	65.0255	6	197.665
TRINITY_DN1265_c0_g1_i1	247	104.144	3	61.709
TRINITY_DN1277_c0_g1_i1	208	69.07	3	93.0454
TRINITY_DN1220_c0_g1_i1	202	64.1284	2	66.8102
TRINITY_DN1287_c0_g1_i1	447	303.828	5	35.2537
TRINITY_DN1253_c0_g1_i1	260	116.877	6	109.973
TRINITY_DN1239_c0_g1_i1	208	69.07	3	93.0454
TRINITY_DN1258_c0_g1_i1	221	80.0134	3	80.3195
TRINITY_DN1295_c0_g1_i1	224	82.7327	3	77.6795
TRINITY_DN1232_c0_g1_i1	304	160.828	3	39.9598
TRINITY_DN1293_c0_g1_i1	805	661.797	33	106.82
TRINITY_DN1234_c0_g1_i1	260	116.877	5	91.6443
TRINITY_DN1298_c0_g1_i1	267	123.84	6	103.789
TRINITY_DN1255_c0_g1_i1	288	144.828	4	59.1658
TRINITY_DN1226_c0_g1_i1	235	92.7045	3	69.3239
TRINITY_DN1281_c0_g1_i1	639	495.797	24.1628	104.402
TRINITY_DN1247_c0_g1_i1	294	150.828	4	56.8122
TRINITY_DN1271_c0_g1_i1	314	170.828	3	37.6206
TRINITY_DN1210_c0_g1_i1	270	126.828	4	67.5629
TRINITY_DN1209_c0_g1_i1	311	167.828	7	89.3505
TRINITY_DN1263_c0_g1_i1	246	103.175	4	83.0514
TRINITY_DN1202_c0_g1_i1	384	240.828	5	44.4761
TRINITY_DN1268_c0_g1_i1	276	132.828	3	48.3833
TRINITY_DN1205_c0_g1_i1	205	66.7258	2	64.2094
TRINITY_DN1264_c0_g1_i1	207	68.2714	4	125.512
TRINITY_DN1217_c0_g1_i1	363	219.828	6	58.4698
TRINITY_DN1276_c0_g1_i1	205	66.7258	4	128.419
TRINITY_DN1240_c0_g1_i1	225	83.5978	3	76.8757
TRINITY_DN1286_c0_g1_i1	292	148.828	4	57.5756
TRINITY_DN1221_c0_g1_i1	206	67.4853	4	126.974
TRINITY_DN1238_c0_g1_i1	208	69.07	2	62.0303
TRINITY_DN1252_c0_g1_i1	209	69.903	2	61.2911
TRINITY_DN1233_c0_g1_i1	206	67.4853	2	63.4868
TRINITY_DN1259_c0_g1_i1	307	163.828	4	52.304
TRINITY_DN1235_c0_g1_i1	211	71.5133	7	209.688
TRINITY_DN1292_c0_g1_i1	224	82.7327	3	77.6795
TRINITY_DN1299_c0_g1_i1	277	133.828	3	48.0217
TRINITY_DN1254_c0_g1_i1	215	74.6851	5	143.416
TRINITY_DN1280_c0_g1_i1	803	659.797	22	71.4291
TRINITY_DN1227_c0_g1_i1	243	100.287	6	128.165
TRINITY_DN1246_c0_g1_i1	213	73.0646	3	87.9583
TRINITY_DN1270_c0_g1_i1	212	72.2824	3	88.9102
TRINITY_DN1211_c0_g1_i1	233	90.8706	8	188.595
TRINITY_DN1262_c0_g1_i1	225	83.5978	2	51.2505
TRINITY_DN1208_c0_g1_i1	258	114.877	2	37.2959
TRINITY_DN1269_c0_g1_i1	246	103.175	4	83.0514
TRINITY_DN1203_c0_g1_i1	208	69.07	4	124.061
TRINITY_DN1267_c0_g1_i1	215	74.6851	5	143.416
TRINITY_DN1206_c0_g1_i1	211	71.5133	4	119.822
TRINITY_DN1275_c0_g1_i1	208	69.07	2	62.0303
TRINITY_DN1214_c0_g1_i1	233	90.8706	3	70.723
TRINITY_DN1222_c0_g1_i1	270	126.828	4	67.5629
TRINITY_DN1285_c0_g1_i1	305	161.828	6	79.4257
TRINITY_DN1248_c0_g1_i1	270	126.828	4	67.5629
TRINITY_DN1229_c0_g1_i1	273	129.828	11	181.505
TRINITY_DN1243_c0_g1_i1	205	66.7258	2	64.2094
TRINITY_DN1297_c0_g1_i1	563	419.797	15	76.5447
TRINITY_DN1230_c0_g1_i1	292	148.828	4	57.5756
TRINITY_DN1251_c0_g1_i1	326	182.828	4	46.8685
TRINITY_DN1257_c0_g1_i1	221	80.0134	2	53.5464
TRINITY_DN1291_c0_g1_i1	221	80.0134	4	107.093
TRINITY_DN1236_c0_g1_i1	383	239.828	4	35.7292
TRINITY_DN1245_c0_g1_i1	246	103.175	3	62.2886
TRINITY_DN1288_c0_g1_i1	417	273.828	10	78.2322
TRINITY_DN1283_c0_g1_i1	272	128.828	3	49.8855
TRINITY_DN1278_c0_g1_i1	203	65.0255	3	98.8326
TRINITY_DN1212_c0_g1_i1	260	116.877	4	73.3154
TRINITY_DN1273_c0_g1_i1	263	119.877	3	53.6105
TRINITY_DN1219_c0_g1_i1	246	103.175	4	83.0514
TRINITY_DN1200_c0_g1_i1	245	102.216	3	62.873
TRINITY_DN1261_c0_g1_i1	228	86.2546	4	99.3438
TRINITY_DN1266_c0_g1_i1	259	115.877	8	147.896
TRINITY_DN1207_c0_g1_i1	207	68.2714	2	62.7558
TRINITY_DN1274_c0_g1_i1	225	83.5978	4	102.501
TRINITY_DN1215_c0_g1_i1	214	73.8301	10	290.155
TRINITY_DN1284_c0_g1_i1	505	361.797	8	47.3683
TRINITY_DN1249_c0_g1_i1	270	126.828	4	67.5629
TRINITY_DN1223_c0_g1_i1	201	63.325	3	101.487
TRINITY_DN1242_c0_g1_i1	202	64.1284	2	66.8102
TRINITY_DN1228_c0_g1_i1	231	89.0337	3	72.1821
TRINITY_DN1231_c0_g1_i1	221	80.0134	3	80.3195
TRINITY_DN1296_c0_g1_i1	250	106.965	4	80.109
TRINITY_DN1250_c0_g1_i1	205	66.7258	3	96.3142
TRINITY_DN1256_c0_g1_i1	226	84.4617	2	50.7263
TRINITY_DN1237_c0_g1_i1	247	104.144	3	61.709
TRINITY_DN1290_c0_g1_i1	372	228.828	13	121.702
TRINITY_DN1244_c0_g1_i1	254	110.922	3	57.9385
TRINITY_DN1289_c0_g1_i1	308	164.828	6	77.9801
TRINITY_DN1282_c0_g1_i1	218	77.3582	3	83.0764
TRINITY_DN1225_c0_g1_i1	258	114.877	5	93.2398
TRINITY_DN1213_c0_g1_i1	232	89.9707	4	95.2405
TRINITY_DN1279_c0_g1_i1	213	73.0646	4	117.278
TRINITY_DN1218_c0_g1_i1	240	97.4942	3	65.9182
TRINITY_DN1272_c0_g1_i1	216	75.5695	2	56.6952
TRINITY_DN1201_c0_g1_i1	262	118.877	4	72.082
TRINITY_DN1260_c0_g1_i1	297	153.828	5	69.6303
TRINITY_DN1447_c0_g1_i1	276	132.828	3	48.3833
TRINITY_DN1426_c0_g1_i1	368	224.828	9	85.7542
TRINITY_DN1455_c0_g1_i1	218	77.3582	4	110.769
TRINITY_DN1434_c0_g1_i1	212	72.2824	2	59.2735
TRINITY_DN1468_c0_g1_i1	206	67.4853	2	63.4868
TRINITY_DN1402_c0_g1_i1	312	168.828	4	50.755
TRINITY_DN1463_c0_g1_i1	344	200.828	7	74.6684
TRINITY_DN1409_c0_g1_i1	213	73.0646	2	58.6389
TRINITY_DN1410_c0_g1_i1	429	285.828	8	59.9582
TRINITY_DN1471_c0_g1_i1	307	163.828	4	52.304
TRINITY_DN1416_c0_g1_i1	256	112.911	3	56.918
TRINITY_DN1465_c0_g1_i1	204	65.873	2	65.0407
TRINITY_DN1404_c0_g1_i1	288	144.828	6	88.7487
TRINITY_DN1432_c0_g1_i1	241	98.3962	3	65.3139
TRINITY_DN1458_c0_g1_i1	209	69.903	2	61.2911
TRINITY_DN1439_c0_g1_i1	212	72.2824	2	59.2735
TRINITY_DN1453_c0_g1_i1	217	76.4683	3	84.0432
TRINITY_DN1420_c0_g1_i1	278	134.828	3	47.6656
TRINITY_DN1441_c0_g1_i1	217	76.4683	3	84.0432
TRINITY_DN1446_c0_g1_i1	256	112.911	3	56.918
TRINITY_DN1427_c0_g1_i1	215	74.6851	2	57.3665
TRINITY_DN1454_c0_g1_i1	217	76.4683	2	56.0288
TRINITY_DN1435_c0_g1_i1	278	134.828	3	47.6656
TRINITY_DN1403_c0_g1_i1	318	174.828	4	49.0131
TRINITY_DN1469_c0_g1_i1	215	74.6851	2	57.3665
TRINITY_DN1408_c0_g1_i1	592	448.797	14	66.8253
TRINITY_DN1462_c0_g1_i1	307	163.828	4	52.304
TRINITY_DN1411_c0_g1_i1	258	114.877	19	354.311
TRINITY_DN1470_c0_g1_i1	252	108.933	3	58.9965
TRINITY_DN1417_c0_g1_i1	229	87.1671	2.5	61.4399
TRINITY_DN1417_c0_g1_i2	229	87.1671	2.5	61.4399
TRINITY_DN1464_c0_g1_i1	235	92.7045	3	69.3239
TRINITY_DN1405_c0_g1_i1	416	272.828	10	78.5189
TRINITY_DN1459_c0_g1_i1	217	76.4683	3	84.0432
TRINITY_DN1433_c0_g1_i1	204	65.873	2	65.0407
TRINITY_DN1452_c0_g1_i1	228	86.2546	3	74.5078
TRINITY_DN1438_c0_g1_i1	303	159.828	4	53.6131
TRINITY_DN1421_c0_g1_i1	345	201.828	9	95.5266
TRINITY_DN1440_c0_g1_i1	321	177.828	5	60.2328
TRINITY_DN1424_c0_g1_i1	331	187.828	13	148.268
TRINITY_DN1445_c0_g1_i1	325	181.828	9	106.034
TRINITY_DN1436_c0_g1_i1	218	77.3582	2	55.3843
TRINITY_DN1457_c0_g1_i1	209	69.903	2	61.2911
TRINITY_DN1461_c0_g1_i1	221	80.0134	3	80.3195
TRINITY_DN1400_c0_g1_i1	205	66.7258	2	64.2094
TRINITY_DN1419_c0_g1_i1	230	88.1229	4	97.2375
TRINITY_DN1412_c0_g1_i1	270	126.828	3	50.6722
TRINITY_DN1414_c0_g1_i1	267	123.84	4	69.1927
TRINITY_DN1406_c0_g1_i1	317	173.828	5	61.6189
TRINITY_DN1467_c0_g1_i1	212	72.2824	2	59.2735
TRINITY_DN1451_c0_g1_i1	295	151.828	4	56.438
TRINITY_DN1430_c0_g1_i1	243	100.287	4	85.4434
TRINITY_DN1443_c0_g1_i1	256	112.911	13	246.645
TRINITY_DN1429_c0_g1_i1	232	89.9707	2	47.6203
TRINITY_DN1448_c0_g1_i1	221	80.0134	2	53.5464
TRINITY_DN1422_c0_g1_i1	218	77.3582	3	83.0764
TRINITY_DN1425_c0_g1_i1	267	123.84	4	69.1927
TRINITY_DN1444_c0_g1_i1	225	83.5978	2	51.2505
TRINITY_DN1437_c0_g1_i1	387	243.828	5	43.9288
TRINITY_DN1456_c0_g1_i1	234	91.8064	6	140.004
TRINITY_DN1460_c0_g1_i1	253	109.922	8	155.908
TRINITY_DN1401_c0_g1_i1	570	426.797	12	60.2314
TRINITY_DN1472_c0_g1_i1	243	100.287	3	64.0826
TRINITY_DN1418_c0_g1_i1	248	105.102	7	142.675
TRINITY_DN1413_c0_g1_i1	306	162.828	3	39.4689
TRINITY_DN1415_c0_g1_i1	235	92.7045	4	92.4319
TRINITY_DN1407_c0_g1_i1	295	151.828	5	70.5475
TRINITY_DN1466_c0_g1_i1	298	154.828	3	41.5083
TRINITY_DN1431_c0_g1_i1	201	63.325	6	202.973
TRINITY_DN1428_c0_g1_i1	215	74.6851	3	86.0498
TRINITY_DN1423_c0_g1_i1	315	171.828	4	49.8689
TRINITY_DN1449_c0_g1_i1	285	141.828	5	75.5217
TRINITY_DN1381_c0_g1_i1	309	165.828	12	155.02
TRINITY_DN1326_c0_g1_i1	209	69.903	5	153.228
TRINITY_DN1347_c0_g1_i1	201	63.325	2	67.6578
TRINITY_DN1334_c0_g1_i1	219	78.239	2	54.7608
TRINITY_DN1393_c0_g1_i1	206	67.4853	2	63.4868
TRINITY_DN1355_c0_g1_i1	313	169.828	5	63.0702
TRINITY_DN1363_c0_g1_i1	222	80.8907	2	52.9657
TRINITY_DN1309_c0_g1_i1	249	106.039	4	80.8083
TRINITY_DN1368_c0_g1_i1	366	222.828	7	67.2963
TRINITY_DN1302_c0_g1_i1	320	176.828	5	60.5734
TRINITY_DN1371_c0_g1_i1	273	129.828	4	66.0017
TRINITY_DN1310_c0_g1_i1	222	80.8907	3	79.4485
TRINITY_DN1316_c0_g1_i1	265	121.853	6	105.482
TRINITY_DN1377_c0_g1_i1	216	75.5695	4	113.39
TRINITY_DN1304_c0_g1_i1	339	195.828	5	54.6964
TRINITY_DN1365_c0_g1_i1	303	159.828	8	107.226
TRINITY_DN1339_c0_g1_i1	243	100.287	2	42.7217
TRINITY_DN1353_c0_g1_i1	228	86.2546	3	74.5078
TRINITY_DN1332_c0_g1_i1	250	106.965	6	120.163
TRINITY_DN1358_c0_g1_i1	218	77.3582	2	55.3843
TRINITY_DN1395_c0_g1_i1	227	85.3759	3	75.2747
TRINITY_DN1341_c0_g1_i1	202	64.1284	2	66.8102
TRINITY_DN1387_c0_g1_i1	262	118.877	8	144.164
TRINITY_DN1320_c0_g1_i1	243	100.287	4	85.4434
TRINITY_DN1380_c0_g1_i1	405	261.828	7	57.2724
TRINITY_DN1346_c0_g1_i1	319	175.828	5	60.918
TRINITY_DN1392_c0_g1_i1	267	123.84	10	172.982
TRINITY_DN1335_c0_g1_i1	269	125.84	7	119.163
TRINITY_DN1399_c0_g1_i1	283	139.828	6	91.9222
TRINITY_DN1354_c0_g1_i1	207	68.2714	2	62.7558
TRINITY_DN1308_c0_g1_i1	333	189.828	7	78.9953
TRINITY_DN1362_c0_g1_i1	363	219.828	17	165.664
TRINITY_DN1303_c0_g1_i1	226	84.4617	3	76.0894
TRINITY_DN1369_c0_g1_i1	275	131.828	3	48.7503
TRINITY_DN1370_c0_g1_i1	209	69.903	2	61.2911
TRINITY_DN1311_c0_g1_i1	268	124.84	7	120.117
TRINITY_DN1317_c0_g1_i1	211	71.5133	2	59.9109
TRINITY_DN1376_c0_g1_i1	220	79.1026	8	216.652
TRINITY_DN1305_c0_g1_i1	211	71.5133	2	59.9109
TRINITY_DN1364_c0_g1_i1	269	125.84	4	68.0931
TRINITY_DN1352_c0_g1_i1	300	156.828	6	81.9579
TRINITY_DN1338_c0_g1_i1	201	63.325	3	101.487
TRINITY_DN1359_c0_g1_i1	214	73.8301	5	145.077
TRINITY_DN1394_c0_g1_i1	237	94.6385	3	67.9073
TRINITY_DN1333_c0_g1_i1	218	77.3582	3	83.0764
TRINITY_DN1340_c0_g1_i1	436	292.828	5	36.578
TRINITY_DN1321_c0_g1_i1	230	88.1229	8	194.475
TRINITY_DN1345_c0_g1_i1	202	64.1284	2	66.8102
TRINITY_DN1388_c0_g1_i1	224	82.7327	5	129.466
TRINITY_DN1383_c0_g1_i1	222	80.8907	3	79.4485
TRINITY_DN1324_c0_g1_i1	223	81.8163	7	183.283
TRINITY_DN1357_c0_g1_i1	238	95.6099	4	89.6231
TRINITY_DN1336_c0_g1_i1	212	72.2824	2	59.2735
TRINITY_DN1391_c0_g1_i1	222	80.8907	3	79.4485
TRINITY_DN1300_c0_g1_i1	250	106.965	5	100.136
TRINITY_DN1361_c0_g1_i1	273	129.828	4	66.0017
TRINITY_DN1312_c0_g1_i1	345	201.828	7	74.2985
TRINITY_DN1378_c0_g1_i1	369	225.828	22	208.693
TRINITY_DN1319_c0_g1_i1	300	156.828	4	54.6386
TRINITY_DN1373_c0_g1_i1	209	69.903	2	61.2911
TRINITY_DN1375_c0_g1_i1	246	103.175	4	83.0514
TRINITY_DN1314_c0_g1_i1	221	80.0134	2	53.5464
TRINITY_DN1367_c0_g1_i1	225	83.5978	3	76.8757
TRINITY_DN1306_c0_g1_i1	425	281.828	8	60.8092
TRINITY_DN1330_c0_g1_i1	298	154.828	4	55.3444
TRINITY_DN1397_c0_g1_i1	389	245.828	4	34.8571
TRINITY_DN1351_c0_g1_i1	205	66.7258	3	96.3142
TRINITY_DN1385_c0_g1_i1	290	146.828	7	102.13
TRINITY_DN1348_c0_g1_i1	220	79.1026	3	81.2444
TRINITY_DN1322_c0_g1_i1	264	120.853	3	53.1775
TRINITY_DN1343_c0_g1_i1	302	158.828	6	80.9259
TRINITY_DN1329_c0_g1_i1	246	103.175	18	373.731
TRINITY_DN1344_c0_g1_i1	260	116.877	4	73.3154
TRINITY_DN1389_c0_g1_i1	274	130.828	6	98.2458
TRINITY_DN1325_c0_g1_i1	217	76.4683	3	84.0432
TRINITY_DN1382_c0_g1_i1	243	100.287	3	64.0826
TRINITY_DN1356_c0_g1_i1	262	118.877	4	72.082
TRINITY_DN1390_c0_g1_i1	220	79.1026	2	54.1629
TRINITY_DN1337_c0_g1_i1	316	172.828	9	111.556
TRINITY_DN1301_c0_g1_i1	305	161.828	4	52.9505
TRINITY_DN1360_c0_g1_i1	224	82.7327	3	77.6795
TRINITY_DN1379_c0_g1_i1	233	90.8706	5	117.872
TRINITY_DN1313_c0_g1_i1	425	281.828	8	60.8092
TRINITY_DN1372_c0_g1_i1	325	181.828	11	129.597
TRINITY_DN1318_c0_g1_i1	587	443.797	13	62.7512
TRINITY_DN1374_c0_g1_i1	254	110.922	3	57.9385
TRINITY_DN1315_c0_g1_i1	811	667.797	437	1401.84
TRINITY_DN1366_c0_g1_i1	253	109.922	3	58.4656
TRINITY_DN1307_c0_g1_i1	235	92.7045	3	69.3239
TRINITY_DN1396_c0_g1_i1	316	172.828	3	37.1852
TRINITY_DN1331_c0_g1_i1	397	253.828	13	109.715
TRINITY_DN1350_c0_g1_i1	237	94.6385	4	90.543
TRINITY_DN1323_c0_g1_i1	473	329.797	6	38.9734
TRINITY_DN1384_c0_g1_i1	209	69.903	3	91.9366
TRINITY_DN1349_c0_g1_i1	300	156.828	4	54.6386
TRINITY_DN1328_c0_g1_i1	294	150.828	4	56.8122
TRINITY_DN1342_c0_g1_i1	282	138.828	7	108.015
TRINITY_DN600_c0_g1_i1	302	158.828	8	107.901
TRINITY_DN661_c0_g1_i1	265	121.853	4	70.3215
TRINITY_DN678_c0_g1_i1	283	139.828	3	45.9611
TRINITY_DN612_c0_g1_i1	276	132.828	11	177.405
TRINITY_DN673_c0_g1_i1	202	64.1284	2	66.8102
TRINITY_DN619_c0_g1_i1	303	159.828	7	93.8228
TRINITY_DN688_c0_g1_i1	235	92.7045	3	69.3239
TRINITY_DN645_c0_g1_i1	218	77.3582	6	166.153
TRINITY_DN624_c0_g1_i1	288	144.828	6	88.7487
TRINITY_DN683_c0_g1_i1	213	73.0646	3	87.9583
TRINITY_DN657_c0_g1_i1	216	75.5695	3	85.0427
TRINITY_DN691_c0_g1_i1	202	64.1284	2	66.8102
TRINITY_DN636_c0_g1_i1	240	97.4942	7	153.809
TRINITY_DN697_c0_g1_i1	293	149.828	5	71.4892
TRINITY_DN630_c0_g1_i1	211	71.5133	2	59.9109
TRINITY_DN651_c0_g1_i1	355	211.828	4	40.452
TRINITY_DN622_c0_g1_i1	326	182.828	3	35.1513
TRINITY_DN648_c0_g1_i1	322	178.828	11	131.771
TRINITY_DN685_c0_g1_i1	209	69.903	2	61.2911
TRINITY_DN629_c0_g1_i1	259	115.877	5	92.4352
TRINITY_DN643_c0_g1_i1	228	86.2546	6	149.016
TRINITY_DN675_c0_g1_i1	218	77.3582	2	55.3843
TRINITY_DN614_c0_g1_i1	215	74.6851	2	57.3665
TRINITY_DN667_c0_g1_i1	243	100.287	3	64.0826
TRINITY_DN606_c0_g1_i1	238	95.6099	4	89.6231
TRINITY_DN601_c0_g1_i1	258	114.877	3	55.9439
TRINITY_DN660_c0_g1_i1	210	70.6833	2	60.6145
TRINITY_DN613_c0_g1_i1	251	107.954	4	79.3749
TRINITY_DN679_c0_g1_i1	268	124.84	6	102.958
TRINITY_DN618_c0_g1_i1	207	68.2714	8	251.023
TRINITY_DN672_c0_g1_i1	394	250.828	5	42.7029
TRINITY_DN689_c0_g1_i1	234	91.8064	4	93.3361
TRINITY_DN644_c0_g1_i1	230	88.1229	3	72.9281
TRINITY_DN682_c0_g1_i1	228	86.2546	8	198.688
TRINITY_DN625_c0_g1_i1	217	76.4683	3	84.0432
TRINITY_DN656_c0_g1_i1	203	65.0255	3	98.8326
TRINITY_DN637_c0_g1_i1	222	80.8907	5	132.414
TRINITY_DN690_c0_g1_i1	339	195.828	7	76.5749
TRINITY_DN631_c0_g1_i1	262	118.877	3	54.0615
TRINITY_DN696_c0_g1_i1	222	80.8907	3	79.4485
TRINITY_DN650_c0_g1_i1	221	80.0134	2	53.5464
TRINITY_DN649_c0_g1_i1	281	137.828	3	46.6281
TRINITY_DN684_c0_g1_i1	218	77.3582	2	55.3843
TRINITY_DN623_c0_g1_i1	312	168.828	4	50.755
TRINITY_DN642_c0_g1_i1	536	392.797	28	152.705
TRINITY_DN628_c0_g1_i1	270	126.828	4	67.5629
TRINITY_DN674_c0_g1_i1	276	132.828	3	48.3833
TRINITY_DN615_c0_g1_i1	527	383.797	7	39.0715
TRINITY_DN666_c0_g1_i1	223	81.8163	3	78.5497
TRINITY_DN607_c0_g1_i1	263	119.877	3	53.6105
TRINITY_DN609_c0_g1_i1	240	97.4942	3	65.9182
TRINITY_DN663_c0_g1_i1	260	116.877	6	109.973
TRINITY_DN602_c0_g1_i1	342	198.828	6	64.6453
TRINITY_DN668_c0_g1_i1	302	158.828	5	67.4383
TRINITY_DN671_c0_g1_i1	230	88.1229	3	72.9281
TRINITY_DN610_c0_g1_i1	262	118.877	3	54.0615
TRINITY_DN626_c0_g1_i1	249	106.039	5	101.01
TRINITY_DN681_c0_g1_i1	221	80.0134	3	80.3195
TRINITY_DN647_c0_g1_i1	313	169.828	4	50.4561
TRINITY_DN693_c0_g1_i1	307	163.828	3	39.228
TRINITY_DN634_c0_g1_i1	293	149.828	4	57.1914
TRINITY_DN655_c0_g1_i1	201	63.325	2	67.6578
TRINITY_DN698_c0_g1_i1	209	69.903	2	61.2911
TRINITY_DN653_c0_g1_i1	268	124.84	3	51.4789
TRINITY_DN639_c0_g1_i1	339	195.828	4	43.7571
TRINITY_DN658_c0_g1_i1	234	91.8064	5	116.67
TRINITY_DN632_c0_g1_i1	503	359.797	6	35.7237
TRINITY_DN641_c0_g1_i1	249	106.039	4	80.8083
TRINITY_DN620_c0_g1_i1	227	85.3759	7	175.641
TRINITY_DN687_c0_g1_i1	221	80.0134	3	80.3195
TRINITY_DN616_c0_g1_i1	259	115.877	5	92.4352
TRINITY_DN677_c0_g1_i1	272	128.828	7	116.4
TRINITY_DN604_c0_g1_i1	392	248.828	13	111.92
TRINITY_DN665_c0_g1_i1	217	76.4683	2	56.0288
TRINITY_DN662_c0_g1_i1	208	69.07	2	62.0303
TRINITY_DN608_c0_g1_i1	249	106.039	4	80.8083
TRINITY_DN669_c0_g1_i1	202	64.1284	2	66.8102
TRINITY_DN603_c0_g1_i1	318	174.828	4	49.0131
TRINITY_DN670_c0_g1_i1	284	140.828	9	136.904
TRINITY_DN611_c0_g1_i1	217	76.4683	3	84.0432
TRINITY_DN680_c0_g1_i1	232	89.9707	3	71.4304
TRINITY_DN627_c0_g1_i1	317	173.828	4	49.2951
TRINITY_DN646_c0_g1_i1	206	67.4853	3	95.2302
TRINITY_DN635_c0_g1_i1	205	66.7258	2	64.2094
TRINITY_DN692_c0_g1_i1	211	71.5133	3	89.8663
TRINITY_DN654_c0_g1_i1	245	102.216	4	83.8306
TRINITY_DN699_c0_g1_i1	315	171.828	5	62.3361
TRINITY_DN638_c0_g1_i1	231	89.0337	4	96.2428
TRINITY_DN652_c0_g1_i1	250	106.965	4	80.109
TRINITY_DN633_c0_g1_i1	333	189.828	8	90.2803
TRINITY_DN694_c0_g1_i1	202	64.1284	2	66.8102
TRINITY_DN659_c0_g1_i1	211	71.5133	3	89.8663
TRINITY_DN640_c0_g1_i1	320	176.828	5	60.5734
TRINITY_DN686_c0_g1_i1	234	91.8064	3	70.0021
TRINITY_DN621_c0_g1_i1	412	268.828	6	47.8123
TRINITY_DN617_c0_g1_i1	231	89.0337	6	144.364
TRINITY_DN676_c0_g1_i1	347	203.828	4	42.0397
TRINITY_DN605_c0_g1_i1	238	95.6099	10	224.058
TRINITY_DN664_c0_g1_i1	210	70.6833	3	90.9217
TRINITY_DN161_c0_g1_i1	308	164.828	12	155.96
TRINITY_DN183_c0_g1_i1	386	242.828	17	149.973
TRINITY_DN188_c0_g1_i1	578	434.797	25	123.173
TRINITY_DN191_c0_g1_i1	316	172.828	10	123.951
TRINITY_DN157_c0_g1_i1	273	129.828	9	148.504
TRINITY_DN151_c0_g1_i1	415	271.828	8	63.0462
TRINITY_DN130_c0_g1_i1	380	236.828	7.38462	66.7972
TRINITY_DN130_c0_g1_i2	380	236.828	8.61538	77.93
TRINITY_DN129_c0_g1_i1	254	110.922	4.54667	87.8091
TRINITY_DN129_c0_g1_i2	357	213.828	6.3482	63.5988
TRINITY_DN129_c0_g1_i3	358	214.828	2.10513	20.9919
TRINITY_DN185_c0_g1_i1	242	99.3467	52	1121.28
TRINITY_DN175_c0_g1_i1	994	850.797	23	57.9115
TRINITY_DN106_c0_g1_i1	213	73.0646	3	87.9583
TRINITY_DN160_c0_g1_i1	213	73.0646	5	146.597
TRINITY_DN101_c0_g1_i1	586	442.797	23	111.272
TRINITY_DN118_c0_g1_i1	563	419.797	18.5375	94.5967
TRINITY_DN118_c0_g1_i2	426	282.828	8.46246	64.0969
TRINITY_DN179_c0_g1_i1	229	87.1671	99.1447	2436.58
TRINITY_DN144_c0_g1_i1	288	144.828	10	147.915
TRINITY_DN137_c0_g1_i1	366	222.828	7	67.2963
TRINITY_DN190_c0_g1_i1	203	65.0255	6	197.665
TRINITY_DN150_c0_g1_i1	262	118.877	9.8697	177.857
TRINITY_DN150_c0_g1_i2	233	90.8706	1.1303	26.646
TRINITY_DN131_c0_g1_i1	201	63.325	12	405.947
TRINITY_DN196_c0_g1_i1	352	208.828	10	102.583
TRINITY_DN128_c0_g1_i1	449	305.828	12	84.0557
TRINITY_DN149_c0_g1_i1	353	209.828	9	91.8845
TRINITY_DN107_c0_g1_i1	313	169.828	12	151.368
TRINITY_DN166_c0_g1_i1	242	99.3467	8	172.504
TRINITY_DN166_c0_g2_i1	259	115.877	7	129.409
TRINITY_DN102_c0_g1_i1	306	162.828	7.05589	92.8295
TRINITY_DN102_c0_g1_i2	364	220.828	3.57883	34.7176
TRINITY_DN102_c0_g1_i3	372	228.828	4.36529	40.8664
TRINITY_DN163_c0_g1_i1	392	248.828	11	94.7014
TRINITY_DN110_c0_g1_i1	1251	1107.8	39	75.4167
TRINITY_DN171_c0_g1_i1	281	137.828	2.72958	42.4249
TRINITY_DN171_c0_g1_i2	325	181.828	6.27042	73.8753
TRINITY_DN147_c0_g1_i1	349	205.828	12	124.894
TRINITY_DN155_c0_g1_i1	313	169.828	7	88.2983
TRINITY_DN193_c0_g1_i1	1028	884.797	26	62.9496
TRINITY_DN158_c0_g1_i1	289	145.828	13	190.97
TRINITY_DN132_c0_g1_i1	201	63.325	2	67.6578
TRINITY_DN153_c0_g1_i1	203	65.0255	4	131.777
TRINITY_DN139_c0_g1_i1	451	307.828	10	69.5913
TRINITY_DN120_c0_g1_i1	232	89.9707	5	119.051
TRINITY_DN141_c0_g1_i1	269	125.84	22	374.512
TRINITY_DN177_c0_g1_i1	242	99.3467	4	86.252
TRINITY_DN165_c0_g1_i1	361	217.828	7	68.8411
TRINITY_DN104_c0_g1_i1	246	103.175	5	103.814
TRINITY_DN169_c0_g1_i1	280	136.828	18	281.813
TRINITY_DN103_c0_g1_i1	269	125.84	7	119.163
TRINITY_DN162_c0_g1_i1	340	196.828	15	163.255
TRINITY_DN108_c0_g1_i1	236	93.6952	2.97705	68.0662
TRINITY_DN108_c0_g1_i2	233	90.8706	3.02295	71.264
TRINITY_DN146_c0_g1_i1	265	121.853	11	193.384
TRINITY_DN146_c0_g2_i1	527	383.797	24	133.959
TRINITY_DN180_c0_g1_i1	304	160.828	6	79.9195
TRINITY_DN199_c0_g1_i1	238	95.6099	18	403.304
TRINITY_DN154_c0_g1_i1	247	104.144	9	185.127
TRINITY_DN135_c0_g1_i1	428	284.828	10	75.2108
TRINITY_DN192_c0_g1_i1	279	135.828	14	220.802
TRINITY_DN133_c0_g1_i1	585	441.797	21	101.826
TRINITY_DN159_c0_g1_i1	216	75.5695	6	170.085
TRINITY_DN138_c0_g1_i1	283	139.828	4	61.2815
TRINITY_DN152_c0_g1_i1	234	91.8064	3	70.0021
TRINITY_DN121_c0_g1_i1	643	499.797	31	132.871
TRINITY_DN121_c0_g2_i1	204	65.873	4	130.081
TRINITY_DN140_c0_g1_i1	215	74.6851	5	143.416
TRINITY_DN176_c0_g1_i1	268	124.84	59	1012.42
TRINITY_DN117_c0_g1_i1	360	216.828	13	128.437
TRINITY_DN164_c0_g1_i1	270	126.828	5	84.4536
TRINITY_DN105_c0_g1_i1	206	67.4853	5	158.717
TRINITY_DN804_c0_g1_i1	261	117.877	5	90.8668
TRINITY_DN865_c0_g1_i1	214	73.8301	3	87.0464
TRINITY_DN816_c0_g1_i1	206	67.4853	3	95.2302
TRINITY_DN841_c0_g1_i1	261	117.877	6	109.04
TRINITY_DN887_c0_g1_i1	213	73.0646	2	58.6389
TRINITY_DN820_c0_g1_i1	262	118.877	3	54.0615
TRINITY_DN839_c0_g1_i1	254	110.922	13	251.067
TRINITY_DN853_c0_g1_i1	364	220.828	4	38.8033
TRINITY_DN832_c0_g1_i1	214	73.8301	6	174.093
TRINITY_DN858_c0_g1_i1	209	69.903	2	61.2911
TRINITY_DN895_c0_g1_i1	223	81.8163	8	209.466
TRINITY_DN834_c0_g1_i1	274	130.828	3	49.1229
TRINITY_DN893_c0_g1_i1	206	67.4853	2	63.4868
TRINITY_DN898_c0_g1_i1	225	83.5978	2	51.2505
TRINITY_DN855_c0_g1_i1	226	84.4617	3	76.0894
TRINITY_DN881_c0_g1_i1	250	106.965	7	140.191
TRINITY_DN826_c0_g1_i1	299	155.828	3	41.2419
TRINITY_DN847_c0_g1_i1	232	89.9707	3	71.4304
TRINITY_DN871_c0_g1_i1	209	69.903	2	61.2911
TRINITY_DN810_c0_g1_i1	223	81.8163	3	78.5497
TRINITY_DN863_c0_g1_i1	261	117.877	7	127.214
TRINITY_DN809_c0_g1_i1	251	107.954	4	79.3749
TRINITY_DN868_c0_g1_i1	236	93.6952	5	114.318
TRINITY_DN802_c0_g1_i1	452	308.828	8	55.4928
TRINITY_DN805_c0_g1_i1	284	140.828	3	45.6348
TRINITY_DN864_c0_g1_i1	307	163.828	4	52.304
TRINITY_DN817_c0_g1_i1	297	153.828	6	83.5563
TRINITY_DN840_c0_g1_i1	215	74.6851	2	57.3665
TRINITY_DN821_c0_g1_i1	238	95.6099	2	44.8115
TRINITY_DN886_c0_g1_i1	282	138.828	7	108.015
TRINITY_DN852_c0_g1_i1	230	88.1229	6	145.856
TRINITY_DN838_c0_g1_i1	203	65.0255	2	65.8884
TRINITY_DN859_c0_g1_i1	220	79.1026	5	135.407
TRINITY_DN894_c0_g1_i1	328	184.828	6	69.5419
TRINITY_DN833_c0_g1_i1	201	63.325	3	101.487
TRINITY_DN892_c0_g1_i1	303	159.828	9	120.629
TRINITY_DN835_c0_g1_i1	203	65.0255	3	98.8326
TRINITY_DN899_c0_g1_i1	655	511.797	49	205.098
TRINITY_DN854_c0_g1_i1	203	65.0255	2	65.8884
TRINITY_DN880_c0_g1_i1	222	80.8907	2	52.9657
TRINITY_DN846_c0_g1_i1	254	110.922	3	57.9385
TRINITY_DN870_c0_g1_i1	397	253.828	4	33.7585
TRINITY_DN811_c0_g1_i1	225	83.5978	3	76.8757
TRINITY_DN808_c0_g1_i1	234	91.8064	4	93.3361
TRINITY_DN862_c0_g1_i1	227	85.3759	3	75.2747
TRINITY_DN803_c0_g1_i1	272	128.828	6	99.771
TRINITY_DN869_c0_g1_i1	223	81.8163	2	52.3664
TRINITY_DN867_c0_g1_i1	258	114.877	5	93.2398
TRINITY_DN806_c0_g1_i1	372	228.828	10	93.6169
TRINITY_DN875_c0_g1_i1	218	77.3582	3	83.0764
TRINITY_DN814_c0_g1_i1	257	113.888	3	56.4295
TRINITY_DN885_c0_g1_i1	224	82.7327	3	77.6795
TRINITY_DN848_c0_g1_i1	293	149.828	4	57.1914
TRINITY_DN822_c0_g1_i1	601	457.797	20	93.588
TRINITY_DN843_c0_g1_i1	281	137.828	5	77.7134
TRINITY_DN829_c0_g1_i1	231	89.0337	4	96.2428
TRINITY_DN830_c0_g1_i1	345	201.828	4	42.4563
TRINITY_DN897_c0_g1_i1	249	106.039	4	80.8083
TRINITY_DN851_c0_g1_i1	235	92.7045	3	69.3239
TRINITY_DN857_c0_g1_i1	204	65.873	3	97.5611
TRINITY_DN836_c0_g1_i1	264	120.853	9	159.533
TRINITY_DN891_c0_g1_i1	203	65.0255	2	65.8884
TRINITY_DN845_c0_g1_i1	201	63.325	4	135.316
TRINITY_DN888_c0_g1_i1	205	66.7258	2	64.2094
TRINITY_DN883_c0_g1_i1	258	114.877	4	74.5919
TRINITY_DN824_c0_g1_i1	275	131.828	3	48.7503
TRINITY_DN812_c0_g1_i1	366	222.828	4	38.4551
TRINITY_DN878_c0_g1_i1	209	69.903	2	61.2911
TRINITY_DN819_c0_g1_i1	240	97.4942	4	87.8909
TRINITY_DN873_c0_g1_i1	211	71.5133	3	89.8663
TRINITY_DN800_c0_g1_i1	312	168.828	8	101.51
TRINITY_DN861_c0_g1_i1	481	337.797	7	44.3921
TRINITY_DN866_c0_g1_i1	211	71.5133	3	89.8663
TRINITY_DN807_c0_g1_i1	361	217.828	5	49.1722
TRINITY_DN874_c0_g1_i1	344	200.828	6	64.0015
TRINITY_DN815_c0_g1_i1	525	381.797	16	89.774
TRINITY_DN823_c0_g1_i1	241	98.3962	3	65.3139
TRINITY_DN884_c0_g1_i1	244	101.226	7	148.138
TRINITY_DN849_c0_g1_i1	250	106.965	3	60.0817
TRINITY_DN828_c0_g1_i1	203	65.0255	2	65.8884
TRINITY_DN842_c0_g1_i1	312	168.828	11	139.576
TRINITY_DN896_c0_g1_i1	308	164.828	14.6321	190.168
TRINITY_DN831_c0_g1_i1	224	82.7327	5	129.466
TRINITY_DN850_c0_g1_i1	323	179.828	3	35.7378
TRINITY_DN856_c0_g1_i1	203	65.0255	3	98.8326
TRINITY_DN890_c0_g1_i1	421	277.828	42	323.844
TRINITY_DN837_c0_g1_i1	245	102.216	9	188.619
TRINITY_DN844_c0_g1_i1	267	123.84	6	103.789
TRINITY_DN889_c0_g1_i1	215	74.6851	2	57.3665
TRINITY_DN825_c0_g1_i1	253	109.922	3	58.4656
TRINITY_DN882_c0_g1_i1	260	116.877	5	91.6443
TRINITY_DN879_c0_g1_i1	217	76.4683	3	84.0432
TRINITY_DN813_c0_g1_i1	215	74.6851	3	86.0498
TRINITY_DN872_c0_g1_i1	213	73.0646	2	58.6389
TRINITY_DN818_c0_g1_i1	351	207.828	9	92.7687
TRINITY_DN860_c0_g1_i1	205	66.7258	2	64.2094
TRINITY_DN926_c0_g1_i1	229	87.1671	6	147.456
TRINITY_DN981_c0_g1_i1	344	200.828	8	85.3354
TRINITY_DN947_c0_g1_i1	392	248.828	31	266.886
TRINITY_DN993_c0_g1_i1	529	385.797	6	33.3162
TRINITY_DN934_c0_g1_i1	797	653.797	30	98.2972
TRINITY_DN998_c0_g1_i1	273	129.828	13	214.506
TRINITY_DN955_c0_g1_i1	370	226.828	6	56.6654
TRINITY_DN909_c0_g1_i1	216	75.5695	2	56.6952
TRINITY_DN963_c0_g1_i1	253	109.922	3	58.4656
TRINITY_DN902_c0_g1_i1	372	228.828	3	28.0851
TRINITY_DN968_c0_g1_i1	765	621.797	33	113.692
TRINITY_DN971_c0_g1_i1	309	165.828	4	51.6732
TRINITY_DN910_c0_g1_i1	233	90.8706	4	94.2973
TRINITY_DN916_c0_g1_i1	358	214.828	6	59.8306
TRINITY_DN977_c0_g1_i1	210	70.6833	3	90.9217
TRINITY_DN904_c0_g1_i1	264	120.853	3	53.1775
TRINITY_DN965_c0_g1_i1	222	80.8907	2	52.9657
TRINITY_DN953_c0_g1_i1	229	87.1671	3	73.7278
TRINITY_DN939_c0_g1_i1	498	354.797	10	60.3786
TRINITY_DN958_c0_g1_i1	329	185.828	5	57.6398
TRINITY_DN995_c0_g1_i1	205	66.7258	2	64.2094
TRINITY_DN932_c0_g1_i1	246	103.175	4	83.0514
TRINITY_DN941_c0_g1_i1	214	73.8301	6	174.093
TRINITY_DN920_c0_g1_i1	237	94.6385	3	67.9073
TRINITY_DN987_c0_g1_i1	229	87.1671	3	73.7278
TRINITY_DN980_c0_g1_i1	311	167.828	5.25	67.0129
TRINITY_DN980_c0_g1_i2	311	167.828	1.75	22.3376
TRINITY_DN927_c0_g1_i1	203	65.0255	4	131.777
TRINITY_DN927_c0_g1_i2	202	64.1284	0	0
TRINITY_DN946_c0_g1_i1	247	104.144	4	82.2787
TRINITY_DN935_c0_g1_i1	203	65.0255	3	98.8326
TRINITY_DN992_c0_g1_i1	237	94.6385	18	407.444
TRINITY_DN999_c0_g1_i1	236	93.6952	5	114.318
TRINITY_DN954_c0_g1_i1	576	432.797	18	89.0946
TRINITY_DN962_c0_g1_i1	230	88.1229	6	145.856
TRINITY_DN908_c0_g1_i1	394	250.828	4	34.1623
TRINITY_DN969_c0_g1_i1	395	251.828	30	255.2
TRINITY_DN903_c0_g1_i1	330	186.828	4	45.865
TRINITY_DN970_c0_g1_i1	320	176.828	4	48.4588
TRINITY_DN911_c0_g1_i1	435	291.828	9	66.0661
TRINITY_DN917_c0_g1_i1	201	63.325	5	169.145
TRINITY_DN976_c0_g1_i1	302	158.828	6	80.9259
TRINITY_DN905_c0_g1_i1	261	117.877	3	54.5201
TRINITY_DN964_c0_g1_i1	518	374.797	13	74.3037
TRINITY_DN938_c0_g1_i1	353	209.828	12	122.513
TRINITY_DN952_c0_g1_i1	226	84.4617	3	76.0894
TRINITY_DN933_c0_g1_i1	605	461.797	14	64.9441
TRINITY_DN959_c0_g1_i1	530	386.797	10	55.3835
TRINITY_DN994_c0_g1_i1	233	90.8706	7	165.02
TRINITY_DN940_c0_g1_i1	258	114.877	7	130.536
TRINITY_DN986_c0_g1_i1	280	136.828	4	62.6251
TRINITY_DN921_c0_g1_i1	294	150.828	4	56.8122
TRINITY_DN945_c0_g1_i1	380	236.828	17	153.773
TRINITY_DN988_c0_g1_i1	220	79.1026	3	81.2444
TRINITY_DN924_c0_g1_i1	303	159.828	7	93.8228
TRINITY_DN983_c0_g1_i1	203	65.0255	2	65.8884
TRINITY_DN957_c0_g1_i1	247	104.144	4	82.2787
TRINITY_DN991_c0_g1_i1	317	173.828	6	73.9426
TRINITY_DN936_c0_g1_i1	449	305.828	23	161.107
TRINITY_DN900_c0_g1_i1	231	89.0337	3	72.1821
TRINITY_DN961_c0_g1_i1	314	170.828	6	75.2412
TRINITY_DN978_c0_g1_i1	318	174.828	5	61.2664
TRINITY_DN912_c0_g1_i1	343	199.828	4	42.8812
TRINITY_DN973_c0_g1_i1	264	120.853	3	53.1775
TRINITY_DN919_c0_g1_i1	318	174.828	6	73.5197
TRINITY_DN975_c0_g1_i1	209	69.903	3	91.9366
TRINITY_DN914_c0_g1_i1	207	68.2714	3	94.1338
TRINITY_DN967_c0_g1_i1	379	235.828	4	36.3352
TRINITY_DN906_c0_g1_i1	203	65.0255	3	98.8326
TRINITY_DN997_c0_g1_i1	210	70.6833	3	90.9217
TRINITY_DN930_c0_g1_i1	222	80.8907	2	52.9657
TRINITY_DN951_c0_g1_i1	317	173.828	6	73.9426
TRINITY_DN922_c0_g1_i1	257	113.888	18	338.577
TRINITY_DN985_c0_g1_i1	504	360.797	13	77.1869
TRINITY_DN948_c0_g1_i1	230	88.1229	3	72.9281
TRINITY_DN929_c0_g1_i1	260	116.877	3	54.9866
TRINITY_DN943_c0_g1_i1	487	343.797	7	43.6173
TRINITY_DN944_c0_g1_i1	215	74.6851	2	57.3665
TRINITY_DN989_c0_g1_i1	240	97.4942	9	197.755
TRINITY_DN982_c0_g1_i1	248	105.102	3	61.1464
TRINITY_DN925_c0_g1_i1	253	109.922	5	97.4427
TRINITY_DN956_c0_g1_i1	202	64.1284	2	66.8102
TRINITY_DN937_c0_g1_i1	237	94.6385	3	67.9073
TRINITY_DN990_c0_g1_i1	225	83.5978	3	76.8757
TRINITY_DN901_c0_g1_i1	264	120.853	5	88.6292
TRINITY_DN960_c0_g1_i1	318	174.828	12	147.039
TRINITY_DN913_c0_g1_i1	454	310.828	8	55.1357
TRINITY_DN979_c0_g1_i1	259	115.877	7	129.409
TRINITY_DN918_c0_g1_i1	257	113.888	3	56.4295
TRINITY_DN972_c0_g1_i1	202	64.1284	5	167.025
TRINITY_DN974_c0_g1_i1	310	166.828	4	51.3635
TRINITY_DN915_c0_g1_i1	402	258.828	10	82.766
TRINITY_DN966_c0_g1_i1	292	148.828	6	86.3635
TRINITY_DN907_c0_g1_i1	477	333.797	8	51.3418
TRINITY_DN931_c0_g1_i1	248	105.102	3	61.1464
TRINITY_DN996_c0_g1_i1	262	118.877	7	126.143
TRINITY_DN950_c0_g1_i1	229	87.1671	3	73.7278
TRINITY_DN984_c0_g1_i1	229	87.1671	4	98.3038
TRINITY_DN949_c0_g1_i1	1229	1085.8	27	53.2694
TRINITY_DN923_c0_g1_i1	363	219.828	6	58.4698
TRINITY_DN942_c0_g1_i1	228	86.2546	4	99.3438
TRINITY_DN928_c0_g1_i1	202	64.1284	3	100.215
TRINITY_DN17_c0_g1_i1	254	110.922	6	115.877
TRINITY_DN33_c0_g1_i1	302	158.828	7.2	97.1111
TRINITY_DN33_c0_g1_i2	302	158.828	10.8	145.667
TRINITY_DN59_c0_g1_i1	254	110.922	4	77.2514
TRINITY_DN94_c0_g1_i1	234	91.8064	4	93.3361
TRINITY_DN38_c0_g1_i1	501	357.797	18	107.77
TRINITY_DN52_c0_g1_i1	337	193.828	9	99.4694
TRINITY_DN46_c0_g1_i1	205	66.7258	3	96.3142
TRINITY_DN35_c0_g1_i1	302	158.828	6	80.9259
TRINITY_DN69_c0_g1_i1	293	149.828	4.88889	69.9006
TRINITY_DN69_c0_g1_i2	293	149.828	6.11111	87.3757
TRINITY_DN4_c0_g1_i1	333	189.828	2974	33561.7
TRINITY_DN16_c0_g1_i1	762	618.797	20.523	71.0486
TRINITY_DN16_c0_g1_i2	548	404.797	5.47701	28.9847
TRINITY_DN65_c0_g1_i1	277	133.828	5	80.0362
TRINITY_DN8_c0_g1_i1	234	91.8064	1.00399	23.4272
TRINITY_DN8_c0_g1_i2	203	65.0255	177.422	5845.03
TRINITY_DN95_c0_g1_i1	287	143.828	7	104.26
TRINITY_DN53_c0_g1_i1	221	80.0134	4	107.093
TRINITY_DN39_c0_g1_i1	718	574.797	29	108.08
TRINITY_DN20_c0_g1_i1	239	96.5136	37	821.251
TRINITY_DN41_c0_g1_i1	211	71.5133	4	119.822
TRINITY_DN41_c0_g2_i1	297	153.828	21.7676	303.137
TRINITY_DN55_c0_g1_i1	348	204.828	10	104.586
TRINITY_DN68_c0_g1_i1	360	216.828	7	69.1586
TRINITY_DN63_c0_g1_i1	961	817.797	38	99.5408
TRINITY_DN71_c0_g1_i1	277	133.828	4.01317	64.2398
TRINITY_DN71_c0_g1_i2	272	128.828	1755.75	29195.6
TRINITY_DN15_c0_g1_i1	220	79.1026	3	81.2444
TRINITY_DN74_c0_g1_i1	243	100.287	9	192.248
TRINITY_DN66_c0_g1_i1	212	72.2824	5	148.184
TRINITY_DN50_c0_g1_i1	229	87.1671	6	147.456
TRINITY_DN50_c0_g2_i1	215	74.6851	3	86.0498
TRINITY_DN31_c0_g1_i1	203	65.0255	5	164.721
TRINITY_DN96_c0_g1_i1	395	251.828	5	42.5333
TRINITY_DN42_c0_g1_i1	268	124.84	13	223.075
TRINITY_DN49_c0_g1_i1	417	273.828	19	148.641
TRINITY_DN23_c0_g1_i1	240	97.4942	5	109.864
TRINITY_DN82_c0_g1_i1	211	71.5133	5	149.777
TRINITY_DN56_c0_g1_i1	249	106.039	14	282.829
TRINITY_DN60_c0_g1_i1	491	347.797	13	80.072
TRINITY_DN18_c0_g1_i1	493	349.797	8	48.9933
TRINITY_DN14_c0_g1_i1	304	160.828	5	66.5996
TRINITY_DN14_c1_g1_i1	344	200.828	7	74.6684
TRINITY_DN75_c0_g1_i1	322	178.828	5	59.896
TRINITY_DN67_c0_g1_i1	379	235.828	4.56526	41.4699
TRINITY_DN67_c0_g1_i2	209	69.903	3.43474	105.26
TRINITY_DN51_c0_g1_i1	382	238.828	9	80.7273
TRINITY_DN97_c0_g1_i1	389	245.828	8	69.7143
TRINITY_DN22_c0_g1_i1	411	267.828	22	175.966
TRINITY_DN85_c0_g1_i1	210	70.6833	5	151.536
TRINITY_DN48_c0_g1_i1	214	73.8301	7	203.108
TRINITY_DN48_c1_g1_i1	433	289.828	1.38034	10.2025
TRINITY_DN48_c1_g1_i2	284	140.828	4.61966	70.2724
TRINITY_DN24_c0_g1_i1	400	256.828	8	66.7284
TRINITY_DN83_c0_g1_i1	221	80.0134	4	107.093
TRINITY_DN45_c0_g1_i1	322	178.828	13	155.73
TRINITY_DN36_c0_g1_i1	393	249.828	766	6568.27
TRINITY_DN61_c0_g1_i1	212	72.2824	6	177.82
TRINITY_DN19_c0_g1_i1	227	85.3759	11	276.007
TRINITY_DN748_c0_g1_i1	276	132.828	4	64.511
TRINITY_DN785_c0_g1_i1	216	75.5695	2	56.6952
TRINITY_DN722_c0_g1_i1	237	94.6385	3	67.9073
TRINITY_DN743_c0_g1_i1	251	107.954	5	99.2186
TRINITY_DN729_c0_g1_i1	415	271.828	8	63.0462
TRINITY_DN730_c0_g1_i1	705	561.797	25	95.3287
TRINITY_DN751_c0_g1_i1	609	465.797	21	96.5797
TRINITY_DN767_c0_g1_i1	236	93.6952	3	68.5909
TRINITY_DN706_c0_g1_i1	709	565.797	11	41.6481
TRINITY_DN775_c0_g1_i1	201	63.325	3	101.487
TRINITY_DN714_c0_g1_i1	300	156.828	9	122.937
TRINITY_DN712_c0_g1_i1	374	230.828	53	491.87
TRINITY_DN778_c0_g1_i1	368	224.828	4	38.113
TRINITY_DN719_c0_g1_i1	242	99.3467	6	129.378
TRINITY_DN773_c0_g1_i1	210	70.6833	2	60.6145
TRINITY_DN700_c0_g1_i1	351	207.828	5	51.5382
TRINITY_DN761_c0_g1_i1	266	122.84	4	69.756
TRINITY_DN757_c0_g1_i1	214	73.8301	2	58.0309
TRINITY_DN736_c0_g1_i1	533	389.797	14	76.9401
TRINITY_DN791_c0_g1_i1	233	90.8706	1.3455	31.7194
TRINITY_DN791_c0_g1_i2	237	94.6385	2.6545	60.0865
TRINITY_DN788_c0_g1_i1	246	103.175	5	103.814
TRINITY_DN745_c0_g1_i1	289	145.828	4	58.7601
TRINITY_DN783_c0_g1_i1	207	68.2714	3	94.1338
TRINITY_DN724_c0_g1_i1	308	164.828	4	51.9867
TRINITY_DN723_c0_g1_i1	210	70.6833	4	121.229
TRINITY_DN749_c0_g1_i1	261	117.877	6	109.04
TRINITY_DN784_c0_g1_i1	278	134.828	5	79.4426
TRINITY_DN728_c0_g1_i1	296	152.828	9	126.155
TRINITY_DN742_c0_g1_i1	288	144.828	10	147.915
TRINITY_DN796_c0_g1_i1	472	328.797	16	104.245
TRINITY_DN731_c0_g1_i1	240	97.4942	8	175.782
TRINITY_DN750_c0_g1_i1	526	382.797	15	83.9433
TRINITY_DN766_c0_g1_i1	238	95.6099	12	268.869
TRINITY_DN707_c0_g1_i1	753	609.797	15	52.6949
TRINITY_DN774_c0_g1_i1	277	133.828	12	192.087
TRINITY_DN715_c0_g1_i1	378	234.828	5	45.6124
TRINITY_DN779_c0_g1_i1	215	74.6851	5	143.416
TRINITY_DN713_c0_g1_i1	439	295.828	5	36.2071
TRINITY_DN772_c0_g1_i1	241	98.3962	7	152.399
TRINITY_DN718_c0_g1_i1	216	75.5695	3	85.0427
TRINITY_DN701_c0_g1_i1	225	83.5978	2	51.2505
TRINITY_DN760_c0_g1_i1	719	575.797	23	85.57
TRINITY_DN756_c0_g1_i1	230	88.1229	6	145.856
TRINITY_DN790_c0_g1_i1	288	144.828	8	118.332
TRINITY_DN737_c0_g1_i1	297	153.828	3	41.7782
TRINITY_DN744_c0_g1_i1	233	90.8706	5	117.872
TRINITY_DN725_c0_g1_i1	300	156.828	3	40.979
TRINITY_DN741_c0_g1_i1	318	174.828	7	85.773
TRINITY_DN787_c0_g1_i1	217	76.4683	3	84.0432
TRINITY_DN720_c0_g1_i1	266	122.84	5	87.195
TRINITY_DN739_c0_g1_i1	203	65.0255	2	65.8884
TRINITY_DN753_c0_g1_i1	215	74.6851	2	57.3665
TRINITY_DN732_c0_g1_i1	393	249.828	5	42.8738
TRINITY_DN795_c0_g1_i1	211	71.5133	2	59.9109
TRINITY_DN758_c0_g1_i1	284	140.828	4	60.8463
TRINITY_DN704_c0_g1_i1	332	188.828	4	45.3792
TRINITY_DN765_c0_g1_i1	315	171.828	5	62.3361
TRINITY_DN716_c0_g1_i1	851	707.797	13	39.3457
TRINITY_DN777_c0_g1_i1	571	427.797	6	30.0453
TRINITY_DN771_c0_g1_i1	333	189.828	5	56.4252
TRINITY_DN710_c0_g1_i1	218	77.3582	3	83.0764
TRINITY_DN763_c0_g1_i1	235	92.7045	3	69.3239
TRINITY_DN709_c0_g1_i1	270	126.828	4	67.5629
TRINITY_DN768_c0_g1_i1	314	170.828	5	62.701
TRINITY_DN702_c0_g1_i1	1170	1026.8	798	1664.87
TRINITY_DN734_c0_g1_i1	516	372.797	651	3740.86
TRINITY_DN793_c0_g1_i1	217	76.4683	3	84.0432
TRINITY_DN755_c0_g1_i1	356	212.828	6	60.3929
TRINITY_DN798_c0_g1_i1	289	145.828	10	146.9
TRINITY_DN726_c0_g1_i1	440	296.828	5	36.0851
TRINITY_DN747_c0_g1_i1	288	144.828	4	59.1658
TRINITY_DN740_c0_g1_i1	234	91.8064	3	70.0021
TRINITY_DN721_c0_g1_i1	211	71.5133	4	119.822
TRINITY_DN786_c0_g1_i1	260	116.877	3	54.9866
TRINITY_DN752_c0_g1_i1	265	121.853	4	70.3215
TRINITY_DN738_c0_g1_i1	250	106.965	5	100.136
TRINITY_DN794_c0_g1_i1	239	96.5136	3	66.5879
TRINITY_DN759_c0_g1_i1	239	96.5136	3	66.5879
TRINITY_DN733_c0_g1_i1	670	526.797	13	52.8644
TRINITY_DN705_c0_g1_i1	216	75.5695	2	56.6952
TRINITY_DN764_c0_g1_i1	342	198.828	5	53.8711
TRINITY_DN717_c0_g1_i1	218	77.3582	5	138.461
TRINITY_DN776_c0_g1_i1	609	465.797	13	59.7874
TRINITY_DN770_c0_g1_i1	264	120.853	3	53.1775
TRINITY_DN711_c0_g1_i1	251	107.954	4	79.3749
TRINITY_DN708_c0_g1_i1	308	164.828	6	77.9801
TRINITY_DN762_c0_g1_i1	310	166.828	4	51.3635
TRINITY_DN703_c0_g1_i1	206	67.4853	2	63.4868
TRINITY_DN769_c0_g1_i1	299	155.828	4	54.9893
TRINITY_DN792_c0_g1_i1	251	107.954	3	59.5312
TRINITY_DN735_c0_g1_i1	249	106.039	3	60.6062
TRINITY_DN754_c0_g1_i1	528	384.797	11	61.2384
TRINITY_DN799_c0_g1_i1	202	64.1284	2	66.8102
TRINITY_DN727_c0_g1_i1	346	202.828	4	42.2469
TRINITY_DN780_c0_g1_i1	232	89.9707	3	71.4304
TRINITY_DN746_c0_g1_i1	258	114.877	4	74.5919
